1,"Trumbull vs New Canaan",Football,Connecticut,9/10/2026,7:00pm,"The Trumbull varsity football team has an away non-conference game @  New Canaan (CT) today @ 7p.",/ct/football/game/new-canaan-vs-trumbull/9-10-2026/?c=e31da5f4-1533-4e7f-a0ed-f5c3d68b87cc,https://www.maxpreps.com/ct/football/game/new-canaan-vs-trumbull/9-10-2026/?c=e31da5f4-1533-4e7f-a0ed-f5c3d68b87cc,/football/ct/893?9/10/2026,Eagles,Rams,https://www.maxpreps.com/ct/new-canaan/football/,https://www.maxpreps.com/ct/trumbull/football/,https://hsfootball.net/proxy.php?url=https%3A%2F%2Fimage.maxpreps.io%2Fschool-mascot%2F4%2F8%2F3%2F4839864a-e93b-4db6-a772-888f645b352a.gif%3Fversion%3D637685098800000000%26amp%3Bwidth%3D128%26amp%3Bheight%3D128%26amp%3Bauto%3Dwebp%26amp%3Bformat%3Dpjpg,https://hsfootball.net/proxy.php?url=https%3A%2F%2Fimage.maxpreps.io%2Fschool-mascot%2Fb%2Fa%2F6%2Fba67ac89-7f88-46c5-b680-e9b89325d2a7.gif%3Fversion%3D637667021400000000%26amp%3Bwidth%3D128%26amp%3Bheight%3D128%26amp%3Bauto%3Dwebp%26amp%3Bformat%3Dpjpg
2,"Bridgeport Central vs Greenwich",Football,Connecticut,9/10/2026,4:30pm,"The Bridgeport Central varsity football team has an away non-conference game @  Greenwich (CT) today @ 4:30p.",/ct/football/game/bridgeport-central-vs-greenwich/9-10-2026/?c=98c2ec26-ca57-4b32-bcc9-3b2cef9ee8fb,https://www.maxpreps.com/ct/football/game/bridgeport-central-vs-greenwich/9-10-2026/?c=98c2ec26-ca57-4b32-bcc9-3b2cef9ee8fb,/football/ct/c47?9/10/2026,Hilltoppers,Cardinals,https://www.maxpreps.com/ct/bridgeport-central/football/,https://www.maxpreps.com/ct/greenwich/football/,https://hsfootball.net/proxy.php?url=https%3A%2F%2Fimage.maxpreps.io%2Fschool-mascot%2F0%2F4%2F7%2F04784ae6-db21-49b8-8f89-7b1b10ba63ac.gif%3Fversion%3D637667022000000000%26amp%3Bwidth%3D128%26amp%3Bheight%3D128%26amp%3Bauto%3Dwebp%26amp%3Bformat%3Dpjpg,https://hsfootball.net/proxy.php?url=https%3A%2F%2Fimage.maxpreps.io%2Fschool-mascot%2F8%2F2%2Fe%2F82e794f7-3c22-41c8-8d09-3c12fc9b2eb0.gif%3Fversion%3D635763997200000000%26amp%3Bwidth%3D128%26amp%3Bheight%3D128%26amp%3Bauto%3Dwebp%26amp%3Bformat%3Dpjpg
3,"St. Joseph vs Darien",Football,Connecticut,9/10/2026,6:00pm,"The St. Joseph varsity football team has an away non-conference game @  Darien (CT) today @ 6p.",/ct/football/game/darien-vs-st-joseph-trumbull/9-10-2026/?c=240f9b94-c91e-47ce-9e35-a62d3141f9c1,https://www.maxpreps.com/ct/football/game/darien-vs-st-joseph-trumbull/9-10-2026/?c=240f9b94-c91e-47ce-9e35-a62d3141f9c1,/football/ct/af7?9/10/2026,Cadets,"Blue Wave",https://www.maxpreps.com/ct/darien/football/,https://www.maxpreps.com/ct/st-joseph-trumbull/football/,https://hsfootball.net/proxy.php?url=https%3A%2F%2Fimage.maxpreps.io%2Fschool-mascot%2Ff%2Fd%2F3%2Ffd3924e6-8662-450c-945a-417b8124f2ce.gif%3Fversion%3D636494584200000000%26amp%3Bwidth%3D128%26amp%3Bheight%3D128%26amp%3Bauto%3Dwebp%26amp%3Bformat%3Dpjpg,https://hsfootball.net/proxy.php?url=https%3A%2F%2Fimage.maxpreps.io%2Fschool-mascot%2F9%2Fc%2F5%2F9c584372-4044-4bcc-92d6-56f0c382b825.gif%3Fversion%3D635874342600000000%26amp%3Bwidth%3D128%26amp%3Bheight%3D128%26amp%3Bauto%3Dwebp%26amp%3Bformat%3Dpjpg
4,"Wolcott vs Wilby",Football,Connecticut,9/10/2026,3:30pm,"The Wolcott varsity football team has an away conference game @  Wilby (Waterbury, CT) today @ 3:30p.",/ct/football/game/wilby-waterbury-vs-wolcott/9-10-2026/?c=66575ec7-c964-466f-b029-0e78327cfea8,https://www.maxpreps.com/ct/football/game/wilby-waterbury-vs-wolcott/9-10-2026/?c=66575ec7-c964-466f-b029-0e78327cfea8,/football/ct/a88?9/10/2026,Eagles,Wildcats,https://www.maxpreps.com/ct/wilby-waterbury/football/,https://www.maxpreps.com/ct/wolcott/football/,https://hsfootball.net/proxy.php?url=https%3A%2F%2Fimage.maxpreps.io%2Fschool-mascot%2F5%2F2%2F2%2F522b332a-0325-42b7-a685-7fece1b026a0.gif%3Fversion%3D634571163000000000%26amp%3Bwidth%3D128%26amp%3Bheight%3D128%26amp%3Bauto%3Dwebp%26amp%3Bformat%3Dpjpg,https://hsfootball.net/proxy.php?url=https%3A%2F%2Fimage.maxpreps.io%2Fschool-mascot%2F8%2F4%2Fa%2F84a386af-7ced-4abf-bdb1-c3fab5f19c07.gif%3Fversion%3D637667022000000000%26amp%3Bwidth%3D128%26amp%3Bheight%3D128%26amp%3Bauto%3Dwebp%26amp%3Bformat%3Dpjpg
5,"Capital Prep Harbor vs King",Football,Connecticut,9/10/2026,3:30pm,"The Capital Prep Harbor varsity football team has an away non-conference game @  King (Stamford, CT) today @ 3:30p.",/ct/football/game/capital-prep-harbor-bridgeport-vs-king-stamford/9-10-2026/?c=2e770e96-bb38-404c-9922-8f0aedbce741,https://www.maxpreps.com/ct/football/game/capital-prep-harbor-bridgeport-vs-king-stamford/9-10-2026/?c=2e770e96-bb38-404c-9922-8f0aedbce741,/football/ct/1245?9/10/2026,Sharks,Vikings,https://www.maxpreps.com/ct/capital-prep-harbor-bridgeport/football/,https://www.maxpreps.com/ct/king-stamford/football/,https://hsfootball.net/proxy.php?url=https%3A%2F%2Fimage.maxpreps.io%2Fschool-mascot%2Fb%2Fa%2F4%2Fba4b0783-25f9-4c94-a2a4-ce509c7bf329.gif%3Fversion%3D635755711200000000%26amp%3Bwidth%3D128%26amp%3Bheight%3D128%26amp%3Bauto%3Dwebp%26amp%3Bformat%3Dpjpg,https://hsfootball.net/proxy.php?url=https%3A%2F%2Fimage.maxpreps.io%2Fschool-mascot%2Fa%2F7%2F1%2Fa716332f-1646-42ce-bde2-ae2bf4de9044.gif%3Fversion%3D636442868400000000%26amp%3Bwidth%3D128%26amp%3Bheight%3D128%26amp%3Bauto%3Dwebp%26amp%3Bformat%3Dpjpg
6,"Conard vs South Windsor",Football,Connecticut,9/10/2026,3:45pm,"The Conard varsity football team has an away conference game @  South Windsor (CT) today @ 3:45p.",/ct/football/game/conard-west-hartford-vs-south-windsor/9-10-2026/?c=6a65032e-f393-4bf2-ac94-b01d38739551,https://www.maxpreps.com/ct/football/game/conard-west-hartford-vs-south-windsor/9-10-2026/?c=6a65032e-f393-4bf2-ac94-b01d38739551,/football/ct/e97?9/10/2026,"Red Wolves",Bobcats,https://www.maxpreps.com/ct/conard-west-hartford/football/,https://www.maxpreps.com/ct/south-windsor/football/,https://hsfootball.net/proxy.php?url=https%3A%2F%2Fimage.maxpreps.io%2Fschool-mascot%2F8%2F6%2F8%2F868ddb37-f390-4b83-a79d-54c217678fda.gif%3Fversion%3D638026210200000000%26amp%3Bwidth%3D128%26amp%3Bheight%3D128%26amp%3Bauto%3Dwebp%26amp%3Bformat%3Dpjpg,https://hsfootball.net/proxy.php?url=https%3A%2F%2Fimage.maxpreps.io%2Fschool-mascot%2F8%2Ff%2F9%2F8f9f4171-a878-476a-aba8-1e6cbc8afcb5.gif%3Fversion%3D635996115000000000%26amp%3Bwidth%3D128%26amp%3Bheight%3D128%26amp%3Bauto%3Dwebp%26amp%3Bformat%3Dpjpg
7,"Danbury vs Stamford",Football,Connecticut,9/10/2026,5:00pm,"The Danbury varsity football team has an away conference game @  Stamford (CT) today @ 5p.",/ct/football/game/danbury-vs-stamford/9-10-2026/?c=2363a8f8-5e68-42f3-9dc9-e4df0607eca2,https://www.maxpreps.com/ct/football/game/danbury-vs-stamford/9-10-2026/?c=2363a8f8-5e68-42f3-9dc9-e4df0607eca2,/football/ct/798?9/10/2026,Hatters,"Black Knights",https://www.maxpreps.com/ct/danbury/football/,https://www.maxpreps.com/ct/stamford/football/,https://hsfootball.net/proxy.php?url=https%3A%2F%2Fimage.maxpreps.io%2Fschool-mascot%2Fc%2F5%2Fe%2Fc5e050ba-fd44-4803-98fb-a147bc6721bd.gif%3Fversion%3D636731423400000000%26amp%3Bwidth%3D128%26amp%3Bheight%3D128%26amp%3Bauto%3Dwebp%26amp%3Bformat%3Dpjpg,https://hsfootball.net/proxy.php?url=https%3A%2F%2Fimage.maxpreps.io%2Fschool-mascot%2F0%2F7%2Fe%2F07e6d09a-dbce-4543-9086-d38fc311b90e.gif%3Fversion%3D636404654400000000%26amp%3Bwidth%3D128%26amp%3Bheight%3D128%26amp%3Bauto%3Dwebp%26amp%3Bformat%3Dpjpg
8,"Ridgefield vs Warde",Football,Connecticut,9/10/2026,6:00pm,"The Ridgefield varsity football team has an away conference game @  Warde (Fairfield, CT) today @ 6p.",/ct/football/game/ridgefield-vs-warde-fairfield/9-10-2026/?c=d6bc2cb9-03cd-46f6-953a-3bdd1fe028d4,https://www.maxpreps.com/ct/football/game/ridgefield-vs-warde-fairfield/9-10-2026/?c=d6bc2cb9-03cd-46f6-953a-3bdd1fe028d4,/football/ct/b38?9/10/2026,Tigers,Mustangs,https://www.maxpreps.com/ct/ridgefield/football/,https://www.maxpreps.com/ct/warde-fairfield/football/,https://hsfootball.net/proxy.php?url=https%3A%2F%2Fimage.maxpreps.io%2Fschool-mascot%2F4%2Fc%2F3%2F4c3a05a1-5429-4555-9dbb-79493dfb5299.gif%3Fversion%3D637050062400000000%26amp%3Bwidth%3D128%26amp%3Bheight%3D128%26amp%3Bauto%3Dwebp%26amp%3Bformat%3Dpjpg,https://hsfootball.net/proxy.php?url=https%3A%2F%2Fimage.maxpreps.io%2Fschool-mascot%2Fd%2F9%2F8%2Fd986ec8d-0952-4a65-a690-8cd8afb15bde.gif%3Fversion%3D633650471400000000%26amp%3Bwidth%3D128%26amp%3Bheight%3D128%26amp%3Bauto%3Dwebp%26amp%3Bformat%3Dpjpg
9,"Joel Barlow vs New London",Football,Connecticut,9/10/2026,6:00pm,"The Joel Barlow varsity football team has an away non-conference game @  New London (CT) today @ 6p.",/ct/football/game/joel-barlow-redding-vs-new-london/9-10-2026/?c=8e532028-bb1d-4fcb-ac74-ac25b5081ebc,https://www.maxpreps.com/ct/football/game/joel-barlow-redding-vs-new-london/9-10-2026/?c=8e532028-bb1d-4fcb-ac74-ac25b5081ebc,/football/ct/cac?9/10/2026,Falcons,Whalers,https://www.maxpreps.com/ct/joel-barlow-redding/football/,https://www.maxpreps.com/ct/new-london/football/,https://hsfootball.net/proxy.php?url=https%3A%2F%2Fimage.maxpreps.io%2Fschool-mascot%2Fb%2F0%2Fc%2Fb0cad321-799b-4a83-9b79-65172ab09670.gif%3Fversion%3D636949880400000000%26amp%3Bwidth%3D128%26amp%3Bheight%3D128%26amp%3Bauto%3Dwebp%26amp%3Bformat%3Dpjpg,https://hsfootball.net/proxy.php?url=https%3A%2F%2Fimage.maxpreps.io%2Fschool-mascot%2F8%2Fc%2Fa%2F8cac7315-f2c5-4657-864f-ae7ef8e03ec8.gif%3Fversion%3D634844106000000000%26amp%3Bwidth%3D128%26amp%3Bheight%3D128%26amp%3Bauto%3Dwebp%26amp%3Bformat%3Dpjpg
10,"North Branford vs Morgan/Old Saybrook/Westbrook",Football,Connecticut,9/10/2026,6:00pm,"The North Branford varsity football team has an away conference game @  Morgan/Old Saybrook/Westbrook (Clinton, CT) today @ 6p.",/ct/football/game/morgan-old-saybrook-westbrook-clinton-vs-north-branford/9-10-2026/?c=68b4e721-0a58-46d1-8388-360a918abab7,https://www.maxpreps.com/ct/football/game/morgan-old-saybrook-westbrook-clinton-vs-north-branford/9-10-2026/?c=68b4e721-0a58-46d1-8388-360a918abab7,/football/ct/15a1?9/10/2026,Thunderbirds,TBD,https://www.maxpreps.com/ct/morgan-old-saybrook-westbrook-clinton/football/,https://www.maxpreps.com/ct/north-branford/football/,https://hsfootball.net/proxy.php?url=https%3A%2F%2Fimage.maxpreps.io%2Fschool-mascot%2Fa%2F1%2Fd%2Fa1d3ba28-f346-40a5-8e02-2f389a443739.gif%3Fversion%3D637535386800000000%26amp%3Bwidth%3D128%26amp%3Bheight%3D128%26amp%3Bauto%3Dwebp%26amp%3Bformat%3Dpjpg,https://hsfootball.net/proxy.php?url=https%3A%2F%2Fimage.maxpreps.io%2Fschool-mascot%2Fa%2F1%2Fd%2Fa1d3ba28-f346-40a5-8e02-2f389a443739.gif%3Fversion%3D637535386800000000%26amp%3Bwidth%3D64%26amp%3Bheight%3D64%26amp%3Bauto%3Dwebp%26amp%3Bformat%3Dpjpg
11,"Northwest Catholic vs Avon",Football,Connecticut,9/10/2026,6:00pm,"The Northwest Catholic varsity football team has an away conference game @  Avon (CT) today @ 6p.",/ct/football/game/avon-vs-northwest-catholic-lions-west-hartford/9-10-2026/?c=a4eeac7a-7ce9-42a7-afde-ebcb3b284a15,https://www.maxpreps.com/ct/football/game/avon-vs-northwest-catholic-lions-west-hartford/9-10-2026/?c=a4eeac7a-7ce9-42a7-afde-ebcb3b284a15,/football/ct/1222?9/10/2026,Indians,Falcons,https://www.maxpreps.com/ct/avon/football/,https://www.maxpreps.com/ct/northwest-catholic-lions-west-hartford/football/,https://hsfootball.net/proxy.php?url=https%3A%2F%2Fimage.maxpreps.io%2Fschool-mascot%2Fd%2F3%2Fd%2Fd3d7de9d-50b6-4972-aa5a-7f15aaaf55dd.gif%3Fversion%3D637719582000000000%26amp%3Bwidth%3D128%26amp%3Bheight%3D128%26amp%3Bauto%3Dwebp%26amp%3Bformat%3Dpjpg,https://hsfootball.net/proxy.php?url=https%3A%2F%2Fimage.maxpreps.io%2Fschool-mascot%2F1%2F8%2Fe%2F18e7524a-c4e3-4f26-9af8-781e9fd27187.gif%3Fversion%3D637691161800000000%26amp%3Bwidth%3D128%26amp%3Bheight%3D128%26amp%3Bauto%3Dwebp%26amp%3Bformat%3Dpjpg
12,"Ansonia vs Seymour",Football,Connecticut,9/10/2026,6:00pm,"The Ansonia varsity football team has an away conference game @  Seymour (CT) today @ 6p.",/ct/football/game/ansonia-vs-seymour/9-10-2026/?c=b67639d2-d92e-42d5-aed6-63000f6e6b18,https://www.maxpreps.com/ct/football/game/ansonia-vs-seymour/9-10-2026/?c=b67639d2-d92e-42d5-aed6-63000f6e6b18,/football/ct/740?9/10/2026,Chargers,Wildcats,https://www.maxpreps.com/ct/ansonia/football/,https://www.maxpreps.com/ct/seymour/football/,https://hsfootball.net/proxy.php?url=https%3A%2F%2Fimage.maxpreps.io%2Fschool-mascot%2Fc%2F4%2F6%2Fc464a94c-0305-4680-933d-3f76d61d45cd.gif%3Fversion%3D637672830600000000%26amp%3Bwidth%3D128%26amp%3Bheight%3D128%26amp%3Bauto%3Dwebp%26amp%3Bformat%3Dpjpg,https://hsfootball.net/proxy.php?url=https%3A%2F%2Fimage.maxpreps.io%2Fschool-mascot%2F1%2F1%2F6%2F116ab97e-1050-4abf-8417-09d70e4e1787.gif%3Fversion%3D637719585000000000%26amp%3Bwidth%3D128%26amp%3Bheight%3D128%26amp%3Bauto%3Dwebp%26amp%3Bformat%3Dpjpg
13,"Prince RVT vs Bullard-Havens",Football,Connecticut,9/10/2026,6:00pm,"The Prince RVT varsity football team has an away conference game @  Bullard-Havens (Bridgeport, CT) today @ 6p.",/ct/football/game/bullard-havens-bridgeport-vs-prince-rvt-hartford/9-10-2026/?c=0a9a605d-d7c8-4a81-82df-aab380666533,https://www.maxpreps.com/ct/football/game/bullard-havens-bridgeport-vs-prince-rvt-hartford/9-10-2026/?c=0a9a605d-d7c8-4a81-82df-aab380666533,/football/ct/12cb?9/10/2026,Falcons,Tigers,https://www.maxpreps.com/ct/bullard-havens-bridgeport/football/,https://www.maxpreps.com/ct/prince-rvt-hartford/football/,https://hsfootball.net/proxy.php?url=https%3A%2F%2Fimage.maxpreps.io%2Fschool-mascot%2Fb%2Fd%2F7%2Fbd7f7c37-415f-4634-ae82-944f7c9059ba.gif%3Fversion%3D635320326000000000%26amp%3Bwidth%3D128%26amp%3Bheight%3D128%26amp%3Bauto%3Dwebp%26amp%3Bformat%3Dpjpg,https://hsfootball.net/proxy.php?url=https%3A%2F%2Fimage.maxpreps.io%2Fschool-mascot%2F3%2Fb%2F2%2F3b2e2894-4a45-4b6d-808a-1757d127ff4f.gif%3Fversion%3D637719594600000000%26amp%3Bwidth%3D128%26amp%3Bheight%3D128%26amp%3Bauto%3Dwebp%26amp%3Bformat%3Dpjpg
14,"Simsbury vs Middletown",Football,Connecticut,9/10/2026,6:00pm,"The Simsbury varsity football team has an away non-conference game @  Middletown (CT) today @ 6p.",/ct/football/game/middletown-vs-simsbury/9-10-2026/?c=9950e20d-bcbe-443b-a4f3-a52884963160,https://www.maxpreps.com/ct/football/game/middletown-vs-simsbury/9-10-2026/?c=9950e20d-bcbe-443b-a4f3-a52884963160,/football/ct/8f8?9/10/2026,Trojans,"Blue Dragons",https://www.maxpreps.com/ct/middletown/football/,https://www.maxpreps.com/ct/simsbury/football/,https://hsfootball.net/proxy.php?url=https%3A%2F%2Fimage.maxpreps.io%2Fschool-mascot%2F7%2F0%2F9%2F709e413c-8c0a-4b35-b100-b78be98f12ca.gif%3Fversion%3D637667020200000000%26amp%3Bwidth%3D128%26amp%3Bheight%3D128%26amp%3Bauto%3Dwebp%26amp%3Bformat%3Dpjpg,https://hsfootball.net/proxy.php?url=https%3A%2F%2Fimage.maxpreps.io%2Fschool-mascot%2F0%2Fb%2F0%2F0b0fd147-fa36-4e37-a7d2-bb0c960ed5c8.gif%3Fversion%3D633963720600000000%26amp%3Bwidth%3D128%26amp%3Bheight%3D128%26amp%3Bauto%3Dwebp%26amp%3Bformat%3Dpjpg
15,"Weston vs Montville",Football,Connecticut,9/10/2026,6:00pm,"The Weston varsity football team has an away non-conference game @  Montville (Oakdale, CT) today @ 6p.",/ct/football/game/montville-oakdale-vs-weston/9-10-2026/?c=54eeb219-7588-4fd9-b8ba-2fe00916e7d1,https://www.maxpreps.com/ct/football/game/montville-oakdale-vs-weston/9-10-2026/?c=54eeb219-7588-4fd9-b8ba-2fe00916e7d1,/football/ct/abb?9/10/2026,Trojans,Wolves,https://www.maxpreps.com/ct/montville-oakdale/football/,https://www.maxpreps.com/ct/weston/football/,https://hsfootball.net/proxy.php?url=https%3A%2F%2Fimage.maxpreps.io%2Fschool-mascot%2Fd%2F2%2Fc%2Fd2cad80d-2a67-4220-b4ef-8b5a12388d4c.gif%3Fversion%3D637667020800000000%26amp%3Bwidth%3D128%26amp%3Bheight%3D128%26amp%3Bauto%3Dwebp%26amp%3Bformat%3Dpjpg,https://hsfootball.net/proxy.php?url=https%3A%2F%2Fimage.maxpreps.io%2Fschool-mascot%2F4%2Fc%2F9%2F4c971fcc-83ac-4525-8ed2-f6bf44d36f94.gif%3Fversion%3D638210478600000000%26amp%3Bwidth%3D128%26amp%3Bheight%3D128%26amp%3Bauto%3Dwebp%26amp%3Bformat%3Dpjpg
16,"Farmington vs Wethersfield",Football,Connecticut,9/10/2026,6:00pm,"The Farmington varsity football team has an away conference game @  Wethersfield (CT) today @ 6p.",/ct/football/game/farmington-vs-wethersfield/9-10-2026/?c=c4166aef-ffca-4ee2-8931-511f25ea8158,https://www.maxpreps.com/ct/football/game/farmington-vs-wethersfield/9-10-2026/?c=c4166aef-ffca-4ee2-8931-511f25ea8158,/football/ct/a7e?9/10/2026,"River Hawks",Eagles,https://www.maxpreps.com/ct/farmington/football/,https://www.maxpreps.com/ct/wethersfield/football/,https://hsfootball.net/proxy.php?url=https%3A%2F%2Fimage.maxpreps.io%2Fschool-mascot%2F2%2F9%2Fd%2F29d80f97-d8eb-4c10-a1df-f29009e1278e.gif%3Fversion%3D637626286200000000%26amp%3Bwidth%3D128%26amp%3Bheight%3D128%26amp%3Bauto%3Dwebp%26amp%3Bformat%3Dpjpg,https://hsfootball.net/proxy.php?url=https%3A%2F%2Fimage.maxpreps.io%2Fschool-mascot%2F3%2Fc%2Fb%2F3cb63ece-c2d8-4bf9-9af8-746423f67521.gif%3Fversion%3D637685100000000000%26amp%3Bwidth%3D128%26amp%3Bheight%3D128%26amp%3Bauto%3Dwebp%26amp%3Bformat%3Dpjpg
17,"Law vs Hamden",Football,Connecticut,9/10/2026,6:00pm,"The Law varsity football team has an away conference game @  Hamden (CT) today @ 6p.",/ct/football/game/hamden-vs-law-milford/9-10-2026/?c=68267652-adf8-437e-8a7b-8228c2d19481,https://www.maxpreps.com/ct/football/game/hamden-vs-law-milford/9-10-2026/?c=68267652-adf8-437e-8a7b-8228c2d19481,/football/ct/80e?9/10/2026,Lawmen,Dragons,https://www.maxpreps.com/ct/hamden/football/,https://www.maxpreps.com/ct/law-milford/football/,https://hsfootball.net/proxy.php?url=https%3A%2F%2Fimage.maxpreps.io%2Fschool-mascot%2F1%2Fb%2F7%2F1b7ffea2-c859-4bd8-9c49-4b63eac46955.gif%3Fversion%3D637138866600000000%26amp%3Bwidth%3D128%26amp%3Bheight%3D128%26amp%3Bauto%3Dwebp%26amp%3Bformat%3Dpjpg,https://hsfootball.net/proxy.php?url=https%3A%2F%2Fimage.maxpreps.io%2Fschool-mascot%2Fd%2F7%2Fe%2Fd7e0f6f4-7d25-4af5-a19f-d934ce616272.gif%3Fversion%3D636069430200000000%26amp%3Bwidth%3D128%26amp%3Bheight%3D128%26amp%3Bauto%3Dwebp%26amp%3Bformat%3Dpjpg
18,"Maloney vs Glastonbury",Football,Connecticut,9/10/2026,6:30pm,"The Maloney varsity football team has an away conference game @  Glastonbury (CT) today @ 6:30p.",/ct/football/game/glastonbury-vs-maloney-meriden/9-10-2026/?c=85620287-2674-42e7-a8c6-06e9d80cfde9,https://www.maxpreps.com/ct/football/game/glastonbury-vs-maloney-meriden/9-10-2026/?c=85620287-2674-42e7-a8c6-06e9d80cfde9,/football/ct/c03?9/10/2026,Spartans,Guardians,https://www.maxpreps.com/ct/glastonbury/football/,https://www.maxpreps.com/ct/maloney-meriden/football/,https://hsfootball.net/proxy.php?url=https%3A%2F%2Fimage.maxpreps.io%2Fschool-mascot%2F9%2F2%2F3%2F923f4853-5fd9-4c1e-b0b6-ea23c7e9b607.gif%3Fversion%3D635781597600000000%26amp%3Bwidth%3D128%26amp%3Bheight%3D128%26amp%3Bauto%3Dwebp%26amp%3Bformat%3Dpjpg,https://hsfootball.net/proxy.php?url=https%3A%2F%2Fimage.maxpreps.io%2Fschool-mascot%2F4%2F3%2F1%2F43135635-1539-4a59-80d4-8be4932c5148.gif%3Fversion%3D637672831200000000%26amp%3Bwidth%3D128%26amp%3Bheight%3D128%26amp%3Bauto%3Dwebp%26amp%3Bformat%3Dpjpg
19,"Killingly vs Sheehan",Football,Connecticut,9/10/2026,6:30pm,"The Killingly varsity football team has an away non-conference game @  Sheehan (Wallingford, CT) today @ 6:30p.",/ct/football/game/killingly-vs-sheehan-wallingford/9-10-2026/?c=8e9a6669-14a8-40c9-96b0-29508f187951,https://www.maxpreps.com/ct/football/game/killingly-vs-sheehan-wallingford/9-10-2026/?c=8e9a6669-14a8-40c9-96b0-29508f187951,/football/ct/cb4?9/10/2026,Trailblazers,Titans,https://www.maxpreps.com/ct/killingly/football/,https://www.maxpreps.com/ct/sheehan-wallingford/football/,https://hsfootball.net/proxy.php?url=https%3A%2F%2Fimage.maxpreps.io%2Fschool-mascot%2Fc%2F1%2F5%2Fc15763b5-3dcc-416e-a078-b03e5142fb9a.gif%3Fversion%3D638949088358727230%26amp%3Bwidth%3D128%26amp%3Bheight%3D128%26amp%3Bauto%3Dwebp%26amp%3Bformat%3Dpjpg,https://hsfootball.net/proxy.php?url=https%3A%2F%2Fimage.maxpreps.io%2Fschool-mascot%2F3%2Fb%2F6%2F3b6008ec-6953-484d-b97b-8b77df626820.gif%3Fversion%3D635807519400000000%26amp%3Bwidth%3D128%26amp%3Bheight%3D128%26amp%3Bauto%3Dwebp%26amp%3Bformat%3Dpjpg
20,"Stonington vs Fitch",Football,Connecticut,9/10/2026,6:30pm,"The Stonington varsity football team has an away non-conference game @  Fitch (Groton, CT) today @ 6:30p.",/ct/football/game/fitch-groton-vs-stonington/9-10-2026/?c=f05c8b96-68d2-4e24-8782-3c957ad6996f,https://www.maxpreps.com/ct/football/game/fitch-groton-vs-stonington/9-10-2026/?c=f05c8b96-68d2-4e24-8782-3c957ad6996f,/football/ct/a6a?9/10/2026,Bears,Falcons,https://www.maxpreps.com/ct/fitch-groton/football/,https://www.maxpreps.com/ct/stonington/football/,https://hsfootball.net/proxy.php?url=https%3A%2F%2Fimage.maxpreps.io%2Fschool-mascot%2F2%2F4%2Fc%2F24ce1ebc-5282-4752-b5d4-248f4d8caa4c.gif%3Fversion%3D637719637200000000%26amp%3Bwidth%3D128%26amp%3Bheight%3D128%26amp%3Bauto%3Dwebp%26amp%3Bformat%3Dpjpg,https://hsfootball.net/proxy.php?url=https%3A%2F%2Fimage.maxpreps.io%2Fschool-mascot%2F1%2Ff%2F3%2F1f355ccb-166a-42b0-bb98-1a9dfd890e85.gif%3Fversion%3D634835868000000000%26amp%3Bwidth%3D128%26amp%3Bheight%3D128%26amp%3Bauto%3Dwebp%26amp%3Bformat%3Dpjpg
21,"Cromwell/Portland vs Haddam-Killingworth",Football,Connecticut,9/10/2026,6:30pm,"The Cromwell/Portland varsity football team has an away conference game @  Haddam-Killingworth (Higganum, CT) today @ 6:30p.",/ct/football/game/cromwell-portland-vs-haddam-killingworth-higganum/9-10-2026/?c=89ea8d17-0bfb-4427-825c-835480a7c1b7,https://www.maxpreps.com/ct/football/game/cromwell-portland-vs-haddam-killingworth-higganum/9-10-2026/?c=89ea8d17-0bfb-4427-825c-835480a7c1b7,/football/ct/1360?9/10/2026,Panthers,Cougars,https://www.maxpreps.com/ct/cromwell-portland/football/,https://www.maxpreps.com/ct/haddam-killingworth-higganum/football/,https://hsfootball.net/proxy.php?url=https%3A%2F%2Fimage.maxpreps.io%2Fschool-mascot%2Fb%2Fd%2Fd%2Fbdd35b66-cc31-4832-9f17-319b2214094a.gif%3Fversion%3D637063816800000000%26amp%3Bwidth%3D128%26amp%3Bheight%3D128%26amp%3Bauto%3Dwebp%26amp%3Bformat%3Dpjpg,https://hsfootball.net/proxy.php?url=https%3A%2F%2Fimage.maxpreps.io%2Fschool-mascot%2F3%2Fb%2F3%2F3b34d7d1-74cf-4046-b537-af47386ff32c.gif%3Fversion%3D637719585600000000%26amp%3Bwidth%3D128%26amp%3Bheight%3D128%26amp%3Bauto%3Dwebp%26amp%3Bformat%3Dpjpg
22,"Foran vs Notre Dame",Football,Connecticut,9/10/2026,6:30pm,"The Foran varsity football team has an away conference game @  Notre Dame (West Haven, CT) today @ 6:30p.",/ct/football/game/foran-milford-vs-notre-dame-west-haven/9-10-2026/?c=09411b41-32b5-4d3d-b220-9b472a383700,https://www.maxpreps.com/ct/football/game/foran-milford-vs-notre-dame-west-haven/9-10-2026/?c=09411b41-32b5-4d3d-b220-9b472a383700,/football/ct/e8e?9/10/2026,Lions,"Green Knights",https://www.maxpreps.com/ct/foran-milford/football/,https://www.maxpreps.com/ct/notre-dame-west-haven/football/,https://hsfootball.net/proxy.php?url=https%3A%2F%2Fimage.maxpreps.io%2Fschool-mascot%2Ff%2F9%2F7%2Ff970511b-3dcf-4140-aa8a-6013ffee3f1a.gif%3Fversion%3D634056175800000000%26amp%3Bwidth%3D128%26amp%3Bheight%3D128%26amp%3Bauto%3Dwebp%26amp%3Bformat%3Dpjpg,https://hsfootball.net/proxy.php?url=https%3A%2F%2Fimage.maxpreps.io%2Fschool-mascot%2F2%2F8%2F0%2F280ddd71-790a-4155-9b3f-ccd0ed9be00f.gif%3Fversion%3D637667020200000000%26amp%3Bwidth%3D128%26amp%3Bheight%3D128%26amp%3Bauto%3Dwebp%26amp%3Bformat%3Dpjpg
23,"Griswold/Wheeler vs Waterford",Football,Connecticut,9/10/2026,6:30pm,"The Griswold/Wheeler varsity football team has an away non-conference game @  Waterford (CT) today @ 6:30p.",/ct/football/game/griswold-wheeler-vs-waterford/9-10-2026/?c=0b8ed40c-819b-424c-b0a2-ff0f5dc522fa,https://www.maxpreps.com/ct/football/game/griswold-wheeler-vs-waterford/9-10-2026/?c=0b8ed40c-819b-424c-b0a2-ff0f5dc522fa,/football/ct/b95?9/10/2026,Wolverines,Lancers,https://www.maxpreps.com/ct/griswold-wheeler/football/,https://www.maxpreps.com/ct/waterford/football/,https://hsfootball.net/proxy.php?url=https%3A%2F%2Fimage.maxpreps.io%2Fschool-mascot%2F5%2F0%2F0%2F5005e92b-e206-4469-9c69-1f879d8b4306.gif%3Fversion%3D636777930000000000%26amp%3Bwidth%3D128%26amp%3Bheight%3D128%26amp%3Bauto%3Dwebp%26amp%3Bformat%3Dpjpg,https://hsfootball.net/proxy.php?url=https%3A%2F%2Fimage.maxpreps.io%2Fschool-mascot%2F5%2F0%2F0%2F5005e92b-e206-4469-9c69-1f879d8b4306.gif%3Fversion%3D636777930000000000%26amp%3Bwidth%3D64%26amp%3Bheight%3D64%26amp%3Bauto%3Dwebp%26amp%3Bformat%3Dpjpg
24,"Weaver vs Valley Regional/Old Lyme",Football,Connecticut,9/10/2026,6:30pm,"The Weaver varsity football team has an away conference game @  Valley Regional/Old Lyme (Deep River, CT) today @ 6:30p.",/ct/football/game/valley-regional-old-lyme-deep-river-vs-weaver-hartford/9-10-2026/?c=0de1baa6-6023-4beb-b7ca-5f59c1c5fc69,https://www.maxpreps.com/ct/football/game/valley-regional-old-lyme-deep-river-vs-weaver-hartford/9-10-2026/?c=0de1baa6-6023-4beb-b7ca-5f59c1c5fc69,/football/ct/14cf?9/10/2026,Beavers,Warriors,https://www.maxpreps.com/ct/valley-regional-old-lyme-deep-river/football/,https://www.maxpreps.com/ct/weaver-hartford/football/,https://hsfootball.net/proxy.php?url=https%3A%2F%2Fimage.maxpreps.io%2Fschool-mascot%2F7%2Fb%2F4%2F7b45925b-98cd-4074-aa28-fac083465409.gif%3Fversion%3D637719581400000000%26amp%3Bwidth%3D128%26amp%3Bheight%3D128%26amp%3Bauto%3Dwebp%26amp%3Bformat%3Dpjpg,https://hsfootball.net/proxy.php?url=https%3A%2F%2Fimage.maxpreps.io%2Fschool-mascot%2F3%2F7%2F4%2F3742a6e2-4496-4b1b-955c-fc6b8b116a05.gif%3Fversion%3D637400843400000000%26amp%3Bwidth%3D128%26amp%3Bheight%3D128%26amp%3Bauto%3Dwebp%26amp%3Bformat%3Dpjpg
25,"Edwin O. Smith vs Newington",Football,Connecticut,9/10/2026,6:30pm,"The Edwin O. Smith varsity football team has an away conference game @  Newington (CT) today @ 6:30p.",/ct/football/game/edwin-o-smith-storrs-vs-newington/9-10-2026/?c=f0252fb9-14e9-4731-9a13-35745e825c88,https://www.maxpreps.com/ct/football/game/edwin-o-smith-storrs-vs-newington/9-10-2026/?c=f0252fb9-14e9-4731-9a13-35745e825c88,/football/ct/cfb?9/10/2026,Panthers,"Nor easters",https://www.maxpreps.com/ct/edwin-o-smith-storrs/football/,https://www.maxpreps.com/ct/newington/football/,https://hsfootball.net/proxy.php?url=https%3A%2F%2Fimage.maxpreps.io%2Fschool-mascot%2F1%2Fd%2F8%2F1d8c9f83-72eb-42f1-9f42-aac67fcc1da6.gif%3Fversion%3D636111742200000000%26amp%3Bwidth%3D128%26amp%3Bheight%3D128%26amp%3Bauto%3Dwebp%26amp%3Bformat%3Dpjpg,https://hsfootball.net/proxy.php?url=https%3A%2F%2Fimage.maxpreps.io%2Fschool-mascot%2F2%2F7%2F6%2F276bbbd6-90d9-4541-a04e-fa1e2f1dfd5f.gif%3Fversion%3D637684184400000000%26amp%3Bwidth%3D128%26amp%3Bheight%3D128%26amp%3Bauto%3Dwebp%26amp%3Bformat%3Dpjpg
26,"Norwalk vs Wilton",Football,Connecticut,9/10/2026,6:30pm,"The Norwalk varsity football team has an away conference game @  Wilton (CT) today @ 6:30p.",/ct/football/game/norwalk-vs-wilton/9-10-2026/?c=3099e241-62aa-4ad7-9421-cfa12b311c7a,https://www.maxpreps.com/ct/football/game/norwalk-vs-wilton/9-10-2026/?c=3099e241-62aa-4ad7-9421-cfa12b311c7a,/football/ct/6de?9/10/2026,Bears,Warriors,https://www.maxpreps.com/ct/norwalk/football/,https://www.maxpreps.com/ct/wilton/football/,https://hsfootball.net/proxy.php?url=https%3A%2F%2Fimage.maxpreps.io%2Fschool-mascot%2F9%2F4%2F1%2F941fe4d7-ecd4-4bc7-b67e-42de0d1abd30.gif%3Fversion%3D637077082200000000%26amp%3Bwidth%3D128%26amp%3Bheight%3D128%26amp%3Bauto%3Dwebp%26amp%3Bformat%3Dpjpg,https://hsfootball.net/proxy.php?url=https%3A%2F%2Fimage.maxpreps.io%2Fschool-mascot%2Ff%2Fd%2F1%2Ffd14d538-7292-49dc-991d-85146132f034.gif%3Fversion%3D638472240600000000%26amp%3Bwidth%3D128%26amp%3Bheight%3D128%26amp%3Bauto%3Dwebp%26amp%3Bformat%3Dpjpg
27,"Pomperaug vs Brookfield",Football,Connecticut,9/10/2026,6:30pm,"The Pomperaug varsity football team has an away conference game @  Brookfield (CT) today @ 6:30p.",/ct/football/game/brookfield-vs-pomperaug-southbury/9-10-2026/?c=ebff2057-efb4-48b9-84ca-03aa20430a82,https://www.maxpreps.com/ct/football/game/brookfield-vs-pomperaug-southbury/9-10-2026/?c=ebff2057-efb4-48b9-84ca-03aa20430a82,/football/ct/d56?9/10/2026,Panthers,Bobcats,https://www.maxpreps.com/ct/brookfield/football/,https://www.maxpreps.com/ct/pomperaug-southbury/football/,https://hsfootball.net/proxy.php?url=https%3A%2F%2Fimage.maxpreps.io%2Fschool-mascot%2Fc%2F5%2Fd%2Fc5dd0334-b480-4a7d-b7f4-bcbe7845cafb.gif%3Fversion%3D637371494400000000%26amp%3Bwidth%3D128%26amp%3Bheight%3D128%26amp%3Bauto%3Dwebp%26amp%3Bformat%3Dpjpg,https://hsfootball.net/proxy.php?url=https%3A%2F%2Fimage.maxpreps.io%2Fschool-mascot%2F3%2F5%2Fa%2F35a3a08a-2265-4a6a-a100-6512dbcf002f.gif%3Fversion%3D637719594000000000%26amp%3Bwidth%3D128%26amp%3Bheight%3D128%26amp%3Bauto%3Dwebp%26amp%3Bformat%3Dpjpg
28,"New Fairfield vs Newtown",Football,Connecticut,9/10/2026,6:30pm,"The New Fairfield varsity football team has an away conference game @  Newtown (CT) today @ 6:30p.",/ct/football/game/new-fairfield-vs-newtown/9-10-2026/?c=b1cc16f1-d217-4914-95dc-d9ce2c0371c6,https://www.maxpreps.com/ct/football/game/new-fairfield-vs-newtown/9-10-2026/?c=b1cc16f1-d217-4914-95dc-d9ce2c0371c6,/football/ct/972?9/10/2026,Rebels,Nighthawks,https://www.maxpreps.com/ct/new-fairfield/football/,https://www.maxpreps.com/ct/newtown/football/,https://hsfootball.net/proxy.php?url=https%3A%2F%2Fimage.maxpreps.io%2Fschool-mascot%2F0%2F5%2Fe%2F05ea656b-e540-4a94-bcdb-37ffc2ea4182.gif%3Fversion%3D634026040200000000%26amp%3Bwidth%3D128%26amp%3Bheight%3D128%26amp%3Bauto%3Dwebp%26amp%3Bformat%3Dpjpg,https://hsfootball.net/proxy.php?url=https%3A%2F%2Fimage.maxpreps.io%2Fschool-mascot%2F0%2F0%2F7%2F0071b325-ea86-47d5-bfc2-5306349a942d.gif%3Fversion%3D639005519014114810%26amp%3Bwidth%3D128%26amp%3Bheight%3D128%26amp%3Bauto%3Dwebp%26amp%3Bformat%3Dpjpg
29,"Amity Regional vs Guilford",Football,Connecticut,9/10/2026,6:30pm,"The Amity Regional varsity football team has an away conference game @  Guilford (CT) today @ 6:30p.",/ct/football/game/amity-regional-woodbridge-vs-guilford/9-10-2026/?c=ecf6d0eb-80e3-4cd1-bdf2-894e4b0d351d,https://www.maxpreps.com/ct/football/game/amity-regional-woodbridge-vs-guilford/9-10-2026/?c=ecf6d0eb-80e3-4cd1-bdf2-894e4b0d351d,/football/ct/e94?9/10/2026,Spartans,Grizzlies,https://www.maxpreps.com/ct/amity-regional-woodbridge/football/,https://www.maxpreps.com/ct/guilford/football/,https://hsfootball.net/proxy.php?url=https%3A%2F%2Fimage.maxpreps.io%2Fschool-mascot%2F4%2F6%2F1%2F461163a9-a0e6-4af4-8d8d-5428474ec822.gif%3Fversion%3D637672831200000000%26amp%3Bwidth%3D128%26amp%3Bheight%3D128%26amp%3Bauto%3Dwebp%26amp%3Bformat%3Dpjpg,https://hsfootball.net/proxy.php?url=https%3A%2F%2Fimage.maxpreps.io%2Fschool-mascot%2F3%2F1%2Ff%2F31fb20f2-9272-4cc3-aa7f-b83dd9762d87.gif%3Fversion%3D637719593400000000%26amp%3Bwidth%3D128%26amp%3Bheight%3D128%26amp%3Bauto%3Dwebp%26amp%3Bformat%3Dpjpg
30,"Westhill vs Staples",Football,Connecticut,9/10/2026,7:00pm,"The Westhill varsity football team has an away conference game @  Staples (Westport, CT) today @ 7p.",/ct/football/game/staples-westport-vs-westhill-stamford/9-10-2026/?c=02722179-17cb-4a7f-9ed8-66e7f73b0662,https://www.maxpreps.com/ct/football/game/staples-westport-vs-westhill-stamford/9-10-2026/?c=02722179-17cb-4a7f-9ed8-66e7f73b0662,/football/ct/eed?9/10/2026,Vikings,Wreckers,https://www.maxpreps.com/ct/staples-westport/football/,https://www.maxpreps.com/ct/westhill-stamford/football/,https://hsfootball.net/proxy.php?url=https%3A%2F%2Fimage.maxpreps.io%2Fschool-mascot%2F8%2F3%2F3%2F833f57a4-5fea-4652-b4bb-70e7a5676e50.gif%3Fversion%3D637667021400000000%26amp%3Bwidth%3D128%26amp%3Bheight%3D128%26amp%3Bauto%3Dwebp%26amp%3Bformat%3Dpjpg,https://hsfootball.net/proxy.php?url=https%3A%2F%2Fimage.maxpreps.io%2Fschool-mascot%2Fa%2Ff%2Fc%2Fafcae509-4461-4f74-8de2-6b08a24d2cd3.gif%3Fversion%3D637672831800000000%26amp%3Bwidth%3D128%26amp%3Bheight%3D128%26amp%3Bauto%3Dwebp%26amp%3Bformat%3Dpjpg
31,"Naugatuck vs Holy Cross",Football,Connecticut,9/10/2026,7:00pm,"The Naugatuck varsity football team has an away conference game @  Holy Cross (Waterbury, CT) today @ 7p.",/ct/football/game/holy-cross-waterbury-vs-naugatuck/9-10-2026/?c=de8ad932-dd2e-496a-9545-47945dbf7f42,https://www.maxpreps.com/ct/football/game/holy-cross-waterbury-vs-naugatuck/9-10-2026/?c=de8ad932-dd2e-496a-9545-47945dbf7f42,/football/ct/d2b?9/10/2026,Greyhounds,Crusaders,https://www.maxpreps.com/ct/holy-cross-waterbury/football/,https://www.maxpreps.com/ct/naugatuck/football/,https://hsfootball.net/proxy.php?url=https%3A%2F%2Fimage.maxpreps.io%2Fschool-mascot%2F6%2F5%2Fb%2F65b56fe2-eccf-4967-b9f8-0caac9c5f041.gif%3Fversion%3D637719588600000000%26amp%3Bwidth%3D128%26amp%3Bheight%3D128%26amp%3Bauto%3Dwebp%26amp%3Bformat%3Dpjpg,https://hsfootball.net/proxy.php?url=https%3A%2F%2Fimage.maxpreps.io%2Fschool-mascot%2Fc%2F1%2F0%2Fc1054f54-88f7-4583-b71a-22ea4a2237c4.gif%3Fversion%3D634904666400000000%26amp%3Bwidth%3D128%26amp%3Bheight%3D128%26amp%3Bauto%3Dwebp%26amp%3Bformat%3Dpjpg
32,"Platt vs Hall",Football,Connecticut,9/10/2026,7:00pm,"The Platt varsity football team has an away conference game @  Hall (West Hartford, CT) today @ 7p.",/ct/football/game/hall-titans-west-hartford-vs-platt-meriden/9-10-2026/?c=a195a4ce-1cf8-4687-980f-9063f394951f,https://www.maxpreps.com/ct/football/game/hall-titans-west-hartford-vs-platt-meriden/9-10-2026/?c=a195a4ce-1cf8-4687-980f-9063f394951f,/football/ct/1051?9/10/2026,Panthers,Warriors,https://www.maxpreps.com/ct/hall-titans-west-hartford/football/,https://www.maxpreps.com/ct/platt-meriden/football/,https://hsfootball.net/proxy.php?url=https%3A%2F%2Fimage.maxpreps.io%2Fschool-mascot%2Ff%2F4%2Fe%2Ff4ee035f-88ba-48d1-b943-0f8c304908b2.gif%3Fversion%3D634279080600000000%26amp%3Bwidth%3D128%26amp%3Bheight%3D128%26amp%3Bauto%3Dwebp%26amp%3Bformat%3Dpjpg,https://hsfootball.net/proxy.php?url=https%3A%2F%2Fimage.maxpreps.io%2Fschool-mascot%2Fc%2F9%2Fd%2Fc9d38bc0-47d0-46c7-8c06-996c523cc4ef.gif%3Fversion%3D638026210800000000%26amp%3Bwidth%3D128%26amp%3Bheight%3D128%26amp%3Bauto%3Dwebp%26amp%3Bformat%3Dpjpg
33,"Harding vs New Milford",Football,Connecticut,9/10/2026,7:00pm,"The Harding varsity football team has an away conference game @  New Milford (CT) today @ 7p.",/ct/football/game/harding-bridgeport-vs-new-milford/9-10-2026/?c=418d69d4-b82b-4d8f-9426-ed025d09092c,https://www.maxpreps.com/ct/football/game/harding-bridgeport-vs-new-milford/9-10-2026/?c=418d69d4-b82b-4d8f-9426-ed025d09092c,/football/ct/ce3?9/10/2026,Presidents,"Green Wave",https://www.maxpreps.com/ct/harding-bridgeport/football/,https://www.maxpreps.com/ct/new-milford/football/,https://hsfootball.net/proxy.php?url=https%3A%2F%2Fimage.maxpreps.io%2Fschool-mascot%2Fb%2F9%2Fa%2Fb9a00000-0b3d-40ce-a415-e03f3c4b3d7a.gif%3Fversion%3D637063817400000000%26amp%3Bwidth%3D128%26amp%3Bheight%3D128%26amp%3Bauto%3Dwebp%26amp%3Bformat%3Dpjpg,https://hsfootball.net/proxy.php?url=https%3A%2F%2Fimage.maxpreps.io%2Fschool-mascot%2F6%2F2%2F7%2F627d2b66-a5b9-49b4-9cd9-0129a92e8d65.gif%3Fversion%3D637672831800000000%26amp%3Bwidth%3D128%26amp%3Bheight%3D128%26amp%3Bauto%3Dwebp%26amp%3Bformat%3Dpjpg
34,"McMahon vs Ludlowe",Football,Connecticut,9/10/2026,7:00pm,"The McMahon varsity football team has an away conference game @  Ludlowe (Fairfield, CT) today @ 7p.",/ct/football/game/ludlowe-fairfield-vs-mcmahon-norwalk/9-10-2026/?c=d4eee03b-4073-49bf-9f30-1299e3b268ef,https://www.maxpreps.com/ct/football/game/ludlowe-fairfield-vs-mcmahon-norwalk/9-10-2026/?c=d4eee03b-4073-49bf-9f30-1299e3b268ef,/football/ct/e20?9/10/2026,Senators,Falcons,https://www.maxpreps.com/ct/ludlowe-fairfield/football/,https://www.maxpreps.com/ct/mcmahon-norwalk/football/,https://hsfootball.net/proxy.php?url=https%3A%2F%2Fimage.maxpreps.io%2Fschool-mascot%2F8%2F3%2Fe%2F83ea2351-dd9f-448e-8481-31083179186c.gif%3Fversion%3D637667019600000000%26amp%3Bwidth%3D128%26amp%3Bheight%3D128%26amp%3Bauto%3Dwebp%26amp%3Bformat%3Dpjpg,https://hsfootball.net/proxy.php?url=https%3A%2F%2Fimage.maxpreps.io%2Fschool-mascot%2F7%2F1%2F0%2F7102af69-f4e6-47be-bff5-08993e823afe.gif%3Fversion%3D635145613800000000%26amp%3Bwidth%3D128%26amp%3Bheight%3D128%26amp%3Bauto%3Dwebp%26amp%3Bformat%3Dpjpg
35,"Bristol Central vs Southington",Football,Connecticut,9/10/2026,7:00pm,"The Bristol Central varsity football team has an away non-conference game @  Southington (CT) today @ 7p.",/ct/football/game/bristol-central-vs-southington/9-10-2026/?c=eb4602fa-dc45-4dfa-8eee-1f77f3bd82f7,https://www.maxpreps.com/ct/football/game/bristol-central-vs-southington/9-10-2026/?c=eb4602fa-dc45-4dfa-8eee-1f77f3bd82f7,/football/ct/c1a?9/10/2026,Rams,"Blue Knights",https://www.maxpreps.com/ct/bristol-central/football/,https://www.maxpreps.com/ct/southington/football/,https://hsfootball.net/proxy.php?url=https%3A%2F%2Fimage.maxpreps.io%2Fschool-mascot%2Fe%2Fb%2F1%2Feb100065-e786-4298-b796-ccfabcec12b4.gif%3Fversion%3D636522081600000000%26amp%3Bwidth%3D128%26amp%3Bheight%3D128%26amp%3Bauto%3Dwebp%26amp%3Bformat%3Dpjpg,https://hsfootball.net/proxy.php?url=https%3A%2F%2Fimage.maxpreps.io%2Fschool-mascot%2Fc%2F9%2Ff%2Fc9f48ae7-b505-4c9d-9561-ee751e725a5d.gif%3Fversion%3D635331568800000000%26amp%3Bwidth%3D128%26amp%3Bheight%3D128%26amp%3Bauto%3Dwebp%26amp%3Bformat%3Dpjpg
36,"Stratford vs Masuk",Football,Connecticut,9/10/2026,7:00pm,"The Stratford varsity football team has an away conference game @  Masuk (Monroe, CT) today @ 7p.",/ct/football/game/masuk-monroe-vs-stratford/9-10-2026/?c=6e5a661a-5ff2-4554-8b65-0b35ba5a086c,https://www.maxpreps.com/ct/football/game/masuk-monroe-vs-stratford/9-10-2026/?c=6e5a661a-5ff2-4554-8b65-0b35ba5a086c,/football/ct/9fa?9/10/2026,"Red Devils",Panthers,https://www.maxpreps.com/ct/masuk-monroe/football/,https://www.maxpreps.com/ct/stratford/football/,https://hsfootball.net/proxy.php?url=https%3A%2F%2Fimage.maxpreps.io%2Fschool-mascot%2F7%2F6%2F6%2F766b01bc-de74-4710-abe9-2e5d31319543.gif%3Fversion%3D637672831800000000%26amp%3Bwidth%3D128%26amp%3Bheight%3D128%26amp%3Bauto%3Dwebp%26amp%3Bformat%3Dpjpg,https://hsfootball.net/proxy.php?url=https%3A%2F%2Fimage.maxpreps.io%2Fschool-mascot%2Fa%2F6%2Fa%2Fa6ab46ba-d5c1-464f-a165-770541ac9001.gif%3Fversion%3D634617708000000000%26amp%3Bwidth%3D128%26amp%3Bheight%3D128%26amp%3Bauto%3Dwebp%26amp%3Bformat%3Dpjpg
37,"Vinal RVT/Goodwin RVT/Whitney RVT vs Platt RVT",Football,Connecticut,9/10/2026,7:00pm,"The Vinal RVT/Goodwin RVT/Whitney RVT varsity football team has an away conference game @  Platt RVT (Milford, CT) today @ 7p.",/ct/football/game/platt-rvt-milford-vs-vinal-rvt-goodwin-rvt-whitney-rvt-middletown/9-10-2026/?c=033334f4-6e82-461e-ad78-44d9b342a619,https://www.maxpreps.com/ct/football/game/platt-rvt-milford-vs-vinal-rvt-goodwin-rvt-whitney-rvt-middletown/9-10-2026/?c=033334f4-6e82-461e-ad78-44d9b342a619,/football/ct/197d?9/10/2026,Titans,Panthers,https://www.maxpreps.com/ct/platt-rvt-milford/football/,https://www.maxpreps.com/ct/vinal-rvt-goodwin-rvt-whitney-rvt-middletown/football/,https://hsfootball.net/proxy.php?url=https%3A%2F%2Fimage.maxpreps.io%2Fschool-mascot%2F5%2F9%2F4%2F594d758e-0116-491b-b53e-935258aa82eb.gif%3Fversion%3D638526619718456620%26amp%3Bwidth%3D128%26amp%3Bheight%3D128%26amp%3Bauto%3Dwebp%26amp%3Bformat%3Dpjpg,https://hsfootball.net/proxy.php?url=https%3A%2F%2Fimage.maxpreps.io%2Fschool-mascot%2F5%2F4%2F6%2F5469ebfd-08ac-4dcf-bd04-259b0bd19e0f.gif%3Fversion%3D637719770400000000%26amp%3Bwidth%3D128%26amp%3Bheight%3D128%26amp%3Bauto%3Dwebp%26amp%3Bformat%3Dpjpg
38,"Branford vs North Haven",Football,Connecticut,9/10/2026,7:00pm,"The Branford varsity football team has an away conference game @  North Haven (CT) today @ 7p.",/ct/football/game/branford-vs-north-haven/9-10-2026/?c=32dd3f8a-24db-4209-bdde-9b705a0a7b0c,https://www.maxpreps.com/ct/football/game/branford-vs-north-haven/9-10-2026/?c=32dd3f8a-24db-4209-bdde-9b705a0a7b0c,/football/ct/8fb?9/10/2026,Hornets,Nighthawks,https://www.maxpreps.com/ct/branford/football/,https://www.maxpreps.com/ct/north-haven/football/,https://hsfootball.net/proxy.php?url=https%3A%2F%2Fimage.maxpreps.io%2Fschool-mascot%2Ff%2Fd%2F7%2Ffd7dd95a-2040-4a87-8971-db5ccd910d7b.gif%3Fversion%3D635261107200000000%26amp%3Bwidth%3D128%26amp%3Bheight%3D128%26amp%3Bauto%3Dwebp%26amp%3Bformat%3Dpjpg,https://hsfootball.net/proxy.php?url=https%3A%2F%2Fimage.maxpreps.io%2Fschool-mascot%2Fa%2Fe%2Ff%2Faefdc455-8d4f-42b5-9c35-de8ceb0cb50d.gif%3Fversion%3D637672833000000000%26amp%3Bwidth%3D128%26amp%3Bheight%3D128%26amp%3Bauto%3Dwebp%26amp%3Bformat%3Dpjpg
