1,"Williamson vs Pine Forest",Football,"Alabama",9/10/2026,7:00pm,"The Williamson varsity football team has an away non-conference game @  Pine Forest (Pensacola, FL) today @ 7p.","/inter-state/football/game/pine-forest-pensacola-fl-vs-williamson-mobile-al/9-10-2026/?c=b48ca10a-920f-4d26-896f-6434b1a3086b","https://www.maxpreps.com/inter-state/football/game/pine-forest-pensacola-fl-vs-williamson-mobile-al/9-10-2026/?c=b48ca10a-920f-4d26-896f-6434b1a3086b","/football/al/126f?9/10/2026","Lions","Eagles","https://www.maxpreps.com/al/pine-forest-pensacola-fl/football/","https://www.maxpreps.com/al/williamson-mobile-al/football/","https://hsfootball.net/proxy.php?url=https%3A%2F%2Fimage.maxpreps.io%2Fschool-mascot%2F3%2F5%2F5%2F355baefa-ed80-4252-8fd0-e4d9f4383788.gif%3Fversion%3D638253706200000000%26amp%3Bwidth%3D128%26amp%3Bheight%3D128%26amp%3Bauto%3Dwebp%26amp%3Bformat%3Dpjpg","https://hsfootball.net/proxy.php?url=https%3A%2F%2Fimage.maxpreps.io%2Fschool-mascot%2Ff%2F6%2F4%2Ff64eb451-c381-42d0-afd0-7e4a0143f336.gif%3Fversion%3D636391719600000000%26amp%3Bwidth%3D128%26amp%3Bheight%3D128%26amp%3Bauto%3Dwebp%26amp%3Bformat%3Dpjpg"
1,"Shelby vs Choteau",Boys Volleyball,"Montana",9/10/2026,6:45pm,"The Shelby varsity volleyball team has an away conference match @  Choteau (MT) today @ 6:45p.","/mt/volleyball/match/choteau-vs-shelby/9-10-2026/?c=4d17c3c6-0b39-4d16-8c09-c1a725c51f68","https://www.maxpreps.com/mt/volleyball/match/choteau-vs-shelby/9-10-2026/?c=4d17c3c6-0b39-4d16-8c09-c1a725c51f68","/volleyball/mt/6b3?9/10/2026","Coyotes","Bulldogs","https://www.maxpreps.com/mt/choteau/boys-volleyball/","https://www.maxpreps.com/mt/shelby/boys-volleyball/","https://hsfootball.net/proxy.php?url=https%3A%2F%2Fimage.maxpreps.io%2Fschool-mascot%2F7%2F7%2F9%2F7798f6d0-e315-4d04-a900-810b7c0cfc28.gif%3Fversion%3D635844775200000000%26amp%3Bwidth%3D128%26amp%3Bheight%3D128%26amp%3Bauto%3Dwebp%26amp%3Bformat%3Dpjpg","https://hsfootball.net/proxy.php?url=https%3A%2F%2Fimage.maxpreps.io%2Fschool-mascot%2F2%2F3%2Fb%2F23b74607-b4dc-4e48-932d-1979eb8ec88a.gif%3Fversion%3D635603727600000000%26amp%3Bwidth%3D128%26amp%3Bheight%3D128%26amp%3Bauto%3Dwebp%26amp%3Bformat%3Dpjpg"
2,"Billings Central Catholic vs Lockwood",Boys Volleyball,"Montana",9/10/2026,7:00pm,"The Billings Central Catholic varsity volleyball team has an away conference match @  Lockwood (Billings, MT) today @ 7p.","/mt/volleyball/match/billings-central-catholic-vs-lockwood-billings/9-10-2026/?c=1a52eff5-210b-4cf6-9244-eba10349bfd2","https://www.maxpreps.com/mt/volleyball/match/billings-central-catholic-vs-lockwood-billings/9-10-2026/?c=1a52eff5-210b-4cf6-9244-eba10349bfd2","/volleyball/mt/1204?9/10/2026","Rams","LIONS","https://www.maxpreps.com/mt/billings-central-catholic/boys-volleyball/","https://www.maxpreps.com/mt/lockwood-billings/boys-volleyball/","https://hsfootball.net/proxy.php?url=https%3A%2F%2Fimage.maxpreps.io%2Fschool-mascot%2Fe%2F9%2Fa%2Fe9a95428-40d5-4c32-a50a-752e4bc3cc78.gif%3Fversion%3D638923463957305020%26amp%3Bwidth%3D128%26amp%3Bheight%3D128%26amp%3Bauto%3Dwebp%26amp%3Bformat%3Dpjpg","https://hsfootball.net/proxy.php?url=https%3A%2F%2Fimage.maxpreps.io%2Fschool-mascot%2Fd%2Fc%2F9%2Fdc9a4892-5b57-4798-9860-df981d1c1f44.gif%3Fversion%3D637697940000000000%26amp%3Bwidth%3D128%26amp%3Bheight%3D128%26amp%3Bauto%3Dwebp%26amp%3Bformat%3Dpjpg"
3,"Bozeman vs Billings West",Boys Volleyball,"Montana",9/10/2026,7:00pm,"The Bozeman varsity volleyball team has an away conference match @  Billings West (Billings, MT) today @ 7p.","/mt/volleyball/match/billings-west-vs-bozeman/9-10-2026/?c=496a6aaa-5703-4951-be81-b691d52086d2","https://www.maxpreps.com/mt/volleyball/match/billings-west-vs-bozeman/9-10-2026/?c=496a6aaa-5703-4951-be81-b691d52086d2","/volleyball/mt/973?9/10/2026","Hawks","Golden Bears","https://www.maxpreps.com/mt/billings-west/boys-volleyball/","https://www.maxpreps.com/mt/bozeman/boys-volleyball/","https://hsfootball.net/proxy.php?url=https%3A%2F%2Fimage.maxpreps.io%2Fschool-mascot%2Fa%2F9%2Fe%2Fa9e75d13-5d95-40ea-9566-d344182b109d.gif%3Fversion%3D637659094800000000%26amp%3Bwidth%3D128%26amp%3Bheight%3D128%26amp%3Bauto%3Dwebp%26amp%3Bformat%3Dpjpg","https://hsfootball.net/proxy.php?url=https%3A%2F%2Fimage.maxpreps.io%2Fschool-mascot%2F4%2Fd%2Fd%2F4ddadc59-6879-4403-92ae-21814b7fe583.gif%3Fversion%3D637111431600000000%26amp%3Bwidth%3D128%26amp%3Bheight%3D128%26amp%3Bauto%3Dwebp%26amp%3Bformat%3Dpjpg"
4,"Three Forks vs Sweet Grass County",Boys Volleyball,"Montana",9/10/2026,3:45pm,"The Three Forks varsity volleyball team has an away non-conference match @  Sweet Grass County (Big Timber, MT) today @ 3:45p.","/mt/volleyball/match/sweet-grass-county-big-timber-vs-three-forks/9-10-2026/?c=935e786b-e57e-4df9-8847-3dbdc4eed67f","https://www.maxpreps.com/mt/volleyball/match/sweet-grass-county-big-timber-vs-three-forks/9-10-2026/?c=935e786b-e57e-4df9-8847-3dbdc4eed67f","/volleyball/mt/1100?9/10/2026","Wolves","Sheepherders","https://www.maxpreps.com/mt/sweet-grass-county-big-timber/boys-volleyball/","https://www.maxpreps.com/mt/three-forks/boys-volleyball/","https://hsfootball.net/proxy.php?url=https%3A%2F%2Fimage.maxpreps.io%2Fschool-mascot%2F7%2F3%2Ff%2F73faa886-c9a4-47e1-ae41-e85779f9f2e1.gif%3Fversion%3D635744710800000000%26amp%3Bwidth%3D128%26amp%3Bheight%3D128%26amp%3Bauto%3Dwebp%26amp%3Bformat%3Dpjpg","https://hsfootball.net/proxy.php?url=https%3A%2F%2Fimage.maxpreps.io%2Fschool-mascot%2F7%2F3%2Ff%2F73faa886-c9a4-47e1-ae41-e85779f9f2e1.gif%3Fversion%3D635744710800000000%26amp%3Bwidth%3D32%26amp%3Bheight%3D32%26amp%3Bauto%3Dwebp%26amp%3Bformat%3Dpjpg"
5,"Shepherd vs Baker",Boys Volleyball,"Montana",9/10/2026,4:00pm,"The Shepherd varsity volleyball team has an away non-conference match @  Baker (MT) today @ 4p.","/mt/volleyball/match/baker-vs-shepherd/9-10-2026/?c=1e8664f3-eefd-48e1-881a-4baabd505d92","https://www.maxpreps.com/mt/volleyball/match/baker-vs-shepherd/9-10-2026/?c=1e8664f3-eefd-48e1-881a-4baabd505d92","/volleyball/mt/69b?9/10/2026","Mustangs","Spartans","https://www.maxpreps.com/mt/baker/boys-volleyball/","https://www.maxpreps.com/mt/shepherd/boys-volleyball/","https://hsfootball.net/proxy.php?url=https%3A%2F%2Fasset.maxpreps.io%2Fincludes%2Fimages%2Flogos%2Fmaxpreps-logo-white-2025.png","https://hsfootball.net/proxy.php?url=https%3A%2F%2Fasset.maxpreps.io%2Fincludes%2Freact%2Fplay-on-logo.png"
6,"Chinook vs Conrad",Boys Volleyball,"Montana",9/10/2026,4:15pm,"The Chinook varsity volleyball team has an away conference match @  Conrad (MT) today @ 4:15p.","/mt/volleyball/match/chinook-vs-conrad/9-10-2026/?c=82f7d412-5876-45b4-9ad6-977d219e71d8","https://www.maxpreps.com/mt/volleyball/match/chinook-vs-conrad/9-10-2026/?c=82f7d412-5876-45b4-9ad6-977d219e71d8","/volleyball/mt/6a5?9/10/2026","Sugarbeeter","Girls Cowboys","https://www.maxpreps.com/mt/chinook/boys-volleyball/","https://www.maxpreps.com/mt/conrad/boys-volleyball/","https://hsfootball.net/proxy.php?url=https%3A%2F%2Fimage.maxpreps.io%2Fschool-mascot%2F7%2F9%2F3%2F7935465e-64d5-439b-916d-7b63592e1696.gif%3Fversion%3D633636766800000000%26amp%3Bwidth%3D128%26amp%3Bheight%3D128%26amp%3Bauto%3Dwebp%26amp%3Bformat%3Dpjpg","https://hsfootball.net/proxy.php?url=https%3A%2F%2Fimage.maxpreps.io%2Fschool-mascot%2F3%2F1%2F7%2F317db2fa-0ade-454c-8236-a7623ac96ccf.gif%3Fversion%3D638218512000000000%26amp%3Bwidth%3D128%26amp%3Bheight%3D128%26amp%3Bauto%3Dwebp%26amp%3Bformat%3Dpjpg"
7,"Plentywood vs Bainville",Boys Volleyball,"Montana",9/10/2026,4:30pm,"The Plentywood varsity volleyball team has an away conference match @  Bainville (MT) today @ 4:30p.","/mt/volleyball/match/bainville-vs-plentywood/9-10-2026/?c=5efa5f26-5b2f-465c-89eb-7260c04e05a0","https://www.maxpreps.com/mt/volleyball/match/bainville-vs-plentywood/9-10-2026/?c=5efa5f26-5b2f-465c-89eb-7260c04e05a0","/volleyball/mt/94e?9/10/2026","Wildcats","Bulldogs","https://www.maxpreps.com/mt/bainville/boys-volleyball/","https://www.maxpreps.com/mt/plentywood/boys-volleyball/","https://hsfootball.net/proxy.php?url=https%3A%2F%2Fimage.maxpreps.io%2Fschool-mascot%2F3%2F6%2Fc%2F36c27cfc-8c4a-477a-84f1-13919d5a4c07.gif%3Fversion%3D634844201400000000%26amp%3Bwidth%3D128%26amp%3Bheight%3D128%26amp%3Bauto%3Dwebp%26amp%3Bformat%3Dpjpg","https://hsfootball.net/proxy.php?url=https%3A%2F%2Fimage.maxpreps.io%2Fschool-mascot%2F3%2F6%2Fc%2F36c27cfc-8c4a-477a-84f1-13919d5a4c07.gif%3Fversion%3D634844201400000000%26amp%3Bwidth%3D32%26amp%3Bheight%3D32%26amp%3Bauto%3Dwebp%26amp%3Bformat%3Dpjpg"
8,"Culbertson vs Froid/Medicine Lake",Boys Volleyball,"Montana",9/10/2026,4:30pm,"The Culbertson varsity volleyball team has an away conference match @  Froid/Medicine Lake (Medicine Lake, MT) today @ 4:30p.","/mt/volleyball/match/culbertson-vs-froid-medicine-lake/9-10-2026/?c=e5cbf589-519a-40f0-9d62-2d572606515c","https://www.maxpreps.com/mt/volleyball/match/culbertson-vs-froid-medicine-lake/9-10-2026/?c=e5cbf589-519a-40f0-9d62-2d572606515c","/volleyball/mt/ccd?9/10/2026","Cowboys","Redhawks","https://www.maxpreps.com/mt/culbertson/boys-volleyball/","https://www.maxpreps.com/mt/froid-medicine-lake/boys-volleyball/","https://hsfootball.net/proxy.php?url=https%3A%2F%2Fasset.maxpreps.io%2Fincludes%2Fimages%2Flogos%2Fmaxpreps-logo-white-2025.png","https://hsfootball.net/proxy.php?url=https%3A%2F%2Fasset.maxpreps.io%2Fincludes%2Freact%2Fplay-on-logo.png"
9,"Lambert/Richey vs Brockton",Boys Volleyball,"Montana",9/10/2026,5:00pm,"The Lambert/Richey varsity volleyball team has an away conference match @  Brockton (MT) today @ 5p.","/mt/volleyball/match/brockton-vs-lambert-richey/9-10-2026/?c=1b1dd6a8-a135-457d-a913-423402ff8afd","https://www.maxpreps.com/mt/volleyball/match/brockton-vs-lambert-richey/9-10-2026/?c=1b1dd6a8-a135-457d-a913-423402ff8afd","/volleyball/mt/a3d?9/10/2026","R&amp;L Fusion","Warriors","https://www.maxpreps.com/mt/brockton/boys-volleyball/","https://www.maxpreps.com/mt/lambert-richey/boys-volleyball/","https://hsfootball.net/proxy.php?url=https%3A%2F%2Fasset.maxpreps.io%2Fincludes%2Fimages%2Flogos%2Fmaxpreps-logo-white-2025.png","https://hsfootball.net/proxy.php?url=https%3A%2F%2Fasset.maxpreps.io%2Fincludes%2Freact%2Fplay-on-logo.png"
10,"Tri-City co-op [Hobson/Moore/Judith Gap] vs Denton",Boys Volleyball,"Montana",9/10/2026,5:30pm,"The Tri-City co-op [Hobson/Moore/Judith Gap] varsity volleyball team has an away non-conference match @  Denton (MT) today @ 5:30p.","/mt/volleyball/match/denton-vs-tri-city-co-op-hobson-moore-judith-gap/9-10-2026/?c=2a0b5f05-d8cb-4937-b939-6457298d6b03","https://www.maxpreps.com/mt/volleyball/match/denton-vs-tri-city-co-op-hobson-moore-judith-gap/9-10-2026/?c=2a0b5f05-d8cb-4937-b939-6457298d6b03","/volleyball/mt/122a?9/10/2026","Titans","Trojans","https://www.maxpreps.com/mt/denton/boys-volleyball/","https://www.maxpreps.com/mt/tri-city-co-op-hobson-moore-judith-gap/boys-volleyball/","https://hsfootball.net/proxy.php?url=https%3A%2F%2Fimage.maxpreps.io%2Fschool-mascot%2Fd%2Fd%2F3%2Fdd371a82-5186-4aaa-8e26-83a797d8fec4.gif%3Fversion%3D634835163600000000%26amp%3Bwidth%3D128%26amp%3Bheight%3D128%26amp%3Bauto%3Dwebp%26amp%3Bformat%3Dpjpg","https://hsfootball.net/proxy.php?url=https%3A%2F%2Fimage.maxpreps.io%2Fschool-mascot%2Fd%2Fd%2F3%2Fdd371a82-5186-4aaa-8e26-83a797d8fec4.gif%3Fversion%3D634835163600000000%26amp%3Bwidth%3D32%26amp%3Bheight%3D32%26amp%3Bauto%3Dwebp%26amp%3Bformat%3Dpjpg"
11,"West Yellowstone vs Manhattan Christian",Boys Volleyball,"Montana",9/10/2026,5:30pm,"The West Yellowstone varsity volleyball team has an away conference match @  Manhattan Christian (Manhattan, MT) today @ 5:30p.","/mt/volleyball/match/manhattan-christian-vs-west-yellowstone/9-10-2026/?c=4362e4fe-1af1-40be-9836-841253eec8a3","https://www.maxpreps.com/mt/volleyball/match/manhattan-christian-vs-west-yellowstone/9-10-2026/?c=4362e4fe-1af1-40be-9836-841253eec8a3","/volleyball/mt/fa6?9/10/2026","Wolverines","Eagles","https://www.maxpreps.com/mt/manhattan-christian/boys-volleyball/","https://www.maxpreps.com/mt/west-yellowstone/boys-volleyball/","https://hsfootball.net/proxy.php?url=https%3A%2F%2Fimage.maxpreps.io%2Fschool-mascot%2Fa%2Ff%2F5%2Faf56b718-5385-45db-8aad-bc1d9dcce21d.gif%3Fversion%3D635795122200000000%26amp%3Bwidth%3D128%26amp%3Bheight%3D128%26amp%3Bauto%3Dwebp%26amp%3Bformat%3Dpjpg","https://hsfootball.net/proxy.php?url=https%3A%2F%2Fimage.maxpreps.io%2Fschool-mascot%2F6%2F8%2F9%2F6891d17d-81c4-4a6c-9acc-2c3f2c42d9ee.gif%3Fversion%3D637115002200000000%26amp%3Bwidth%3D128%26amp%3Bheight%3D128%26amp%3Bauto%3Dwebp%26amp%3Bformat%3Dpjpg"
12,"St. Regis vs Noxon",Boys Volleyball,"Montana",9/10/2026,6:00pm,"The St. Regis varsity volleyball team has an away conference match @  Noxon (MT) today @ 6p.","/mt/volleyball/match/noxon-vs-st-regis/9-10-2026/?c=34c0f97d-7cbd-42b5-a6c1-8cc10937241b","https://www.maxpreps.com/mt/volleyball/match/noxon-vs-st-regis/9-10-2026/?c=34c0f97d-7cbd-42b5-a6c1-8cc10937241b","/volleyball/mt/6a3?9/10/2026","Tigers","Red Devils","https://www.maxpreps.com/mt/noxon/boys-volleyball/","https://www.maxpreps.com/mt/st-regis/boys-volleyball/","https://hsfootball.net/proxy.php?url=https%3A%2F%2Fimage.maxpreps.io%2Fschool-mascot%2F6%2F3%2F4%2F63407b69-72ad-498a-a010-e301a2d1af86.gif%3Fversion%3D636085807200000000%26amp%3Bwidth%3D128%26amp%3Bheight%3D128%26amp%3Bauto%3Dwebp%26amp%3Bformat%3Dpjpg","https://hsfootball.net/proxy.php?url=https%3A%2F%2Fimage.maxpreps.io%2Fschool-mascot%2F0%2Fe%2F9%2F0e9b59e7-f351-40e8-8a2c-626fdacdd914.gif%3Fversion%3D636525588000000000%26amp%3Bwidth%3D128%26amp%3Bheight%3D128%26amp%3Bauto%3Dwebp%26amp%3Bformat%3Dpjpg"
13,"Lone Peak vs Gardiner",Boys Volleyball,"Montana",9/10/2026,6:00pm,"The Lone Peak varsity volleyball team has an away non-conference match @  Gardiner (MT) today @ 6p.","/mt/volleyball/match/gardiner-vs-lone-peak-gallatin-gateway/9-10-2026/?c=a2bdf3b5-c08d-478f-8f9f-725fd3239034","https://www.maxpreps.com/mt/volleyball/match/gardiner-vs-lone-peak-gallatin-gateway/9-10-2026/?c=a2bdf3b5-c08d-478f-8f9f-725fd3239034","/volleyball/mt/ea3?9/10/2026","Big Horns","Bruins","https://www.maxpreps.com/mt/gardiner/boys-volleyball/","https://www.maxpreps.com/mt/lone-peak-gallatin-gateway/boys-volleyball/","https://hsfootball.net/proxy.php?url=https%3A%2F%2Fimage.maxpreps.io%2Fschool-mascot%2F2%2F2%2F3%2F223cd3a2-86c0-428e-b4e5-e1da6f1f69c6.gif%3Fversion%3D634934161200000000%26amp%3Bwidth%3D128%26amp%3Bheight%3D128%26amp%3Bauto%3Dwebp%26amp%3Bformat%3Dpjpg","https://hsfootball.net/proxy.php?url=https%3A%2F%2Fimage.maxpreps.io%2Fschool-mascot%2F2%2F2%2F3%2F223cd3a2-86c0-428e-b4e5-e1da6f1f69c6.gif%3Fversion%3D634934161200000000%26amp%3Bwidth%3D32%26amp%3Bheight%3D32%26amp%3Bauto%3Dwebp%26amp%3Bformat%3Dpjpg"
14,"Helena Christian vs Heritage Christian",Boys Volleyball,"Montana",9/10/2026,6:00pm,"The Helena Christian varsity volleyball team has an away non-conference match @  Heritage Christian (Bozeman, MT) today @ 6p.","/mt/volleyball/match/helena-christian-vs-heritage-christian-bozeman/9-10-2026/?c=d7891861-31c9-4752-b8e8-fe14c2688574","https://www.maxpreps.com/mt/volleyball/match/helena-christian-vs-heritage-christian-bozeman/9-10-2026/?c=d7891861-31c9-4752-b8e8-fe14c2688574","/volleyball/mt/11f6?9/10/2026","Rams","Falcons","https://www.maxpreps.com/mt/helena-christian/boys-volleyball/","https://www.maxpreps.com/mt/heritage-christian-bozeman/boys-volleyball/","https://hsfootball.net/proxy.php?url=https%3A%2F%2Fimage.maxpreps.io%2Fschool-mascot%2F6%2Fd%2F0%2F6d0370ba-25da-4f8b-b63c-45d21f35d757.gif%3Fversion%3D638124751200000000%26amp%3Bwidth%3D128%26amp%3Bheight%3D128%26amp%3Bauto%3Dwebp%26amp%3Bformat%3Dpjpg","https://hsfootball.net/proxy.php?url=https%3A%2F%2Fimage.maxpreps.io%2Fschool-mascot%2F8%2F4%2Fb%2F84b7ff8b-e14b-41d3-91f2-07c5da902fbb.gif%3Fversion%3D635164681200000000%26amp%3Bwidth%3D128%26amp%3Bheight%3D128%26amp%3Bauto%3Dwebp%26amp%3Bformat%3Dpjpg"
15,"Victor vs Seeley-Swan",Boys Volleyball,"Montana",9/10/2026,6:00pm,"The Victor varsity volleyball team has an away conference match @  Seeley-Swan (Seeley Lake, MT) today @ 6p.","/mt/volleyball/match/seeley-swan-seeley-lake-vs-victor/9-10-2026/?c=22da83bf-5241-4d7f-81a8-1b743322c1b9","https://www.maxpreps.com/mt/volleyball/match/seeley-swan-seeley-lake-vs-victor/9-10-2026/?c=22da83bf-5241-4d7f-81a8-1b743322c1b9","/volleyball/mt/cc5?9/10/2026","Pirates","Blackhawks","https://www.maxpreps.com/mt/seeley-swan-seeley-lake/boys-volleyball/","https://www.maxpreps.com/mt/victor/boys-volleyball/","https://hsfootball.net/proxy.php?url=https%3A%2F%2Fimage.maxpreps.io%2Fschool-mascot%2F2%2F1%2F0%2F21007dde-8216-435d-87cf-dcfa81ef42e7.gif%3Fversion%3D637452113400000000%26amp%3Bwidth%3D128%26amp%3Bheight%3D128%26amp%3Bauto%3Dwebp%26amp%3Bformat%3Dpjpg","https://hsfootball.net/proxy.php?url=https%3A%2F%2Fimage.maxpreps.io%2Fschool-mascot%2F3%2F3%2Fc%2F33c66596-bfd3-48bb-b445-22d6e50a7fca.gif%3Fversion%3D635843457000000000%26amp%3Bwidth%3D128%26amp%3Bheight%3D128%26amp%3Bauto%3Dwebp%26amp%3Bformat%3Dpjpg"
16,"Hot Springs vs Charlo",Boys Volleyball,"Montana",9/10/2026,6:00pm,"The Hot Springs varsity volleyball team has an away conference match @  Charlo (MT) today @ 6p.","/mt/volleyball/match/charlo-vs-hot-springs/9-10-2026/?c=51051733-f9e4-44e6-93bb-0d571904a445","https://www.maxpreps.com/mt/volleyball/match/charlo-vs-hot-springs/9-10-2026/?c=51051733-f9e4-44e6-93bb-0d571904a445","/volleyball/mt/83a?9/10/2026","Savage Heat","Vikings","https://www.maxpreps.com/mt/charlo/boys-volleyball/","https://www.maxpreps.com/mt/hot-springs/boys-volleyball/","https://hsfootball.net/proxy.php?url=https%3A%2F%2Fimage.maxpreps.io%2Fschool-mascot%2F0%2F6%2F2%2F062b2a51-edf8-4e41-9895-5bf3d533466a.gif%3Fversion%3D634625943000000000%26amp%3Bwidth%3D128%26amp%3Bheight%3D128%26amp%3Bauto%3Dwebp%26amp%3Bformat%3Dpjpg","https://hsfootball.net/proxy.php?url=https%3A%2F%2Fimage.maxpreps.io%2Fschool-mascot%2Fc%2F0%2F6%2Fc067a6d9-dd83-49ec-a5c6-a8ac109f784b.gif%3Fversion%3D634574878800000000%26amp%3Bwidth%3D128%26amp%3Bheight%3D128%26amp%3Bauto%3Dwebp%26amp%3Bformat%3Dpjpg"
17,"Alexander vs Trinity Christian",Boys Volleyball,"Montana",9/10/2026,7:00pm,"The Alexander varsity volleyball team has an away conference match @  Trinity Christian (Williston, ND) today @ 7p.","/nd/volleyball/match/alexander-vs-trinity-christian-williston/9-10-2026/?c=942f2288-bfa0-4a30-9bb8-750f32f2ee40","https://www.maxpreps.com/nd/volleyball/match/alexander-vs-trinity-christian-williston/9-10-2026/?c=942f2288-bfa0-4a30-9bb8-750f32f2ee40","/volleyball/mt/100e?9/10/2026","Crusaders","TBD","https://www.maxpreps.com/mt/alexander/boys-volleyball/","https://www.maxpreps.com/mt/trinity-christian-williston/boys-volleyball/","https://hsfootball.net/proxy.php?url=https%3A%2F%2Fimage.maxpreps.io%2Fschool-mascot%2F5%2Ff%2Fe%2F5fe5b7e0-5650-47bf-9446-a93a192cb9f9.gif%3Fversion%3D637087314000000000%26amp%3Bwidth%3D128%26amp%3Bheight%3D128%26amp%3Bauto%3Dwebp%26amp%3Bformat%3Dpjpg","https://hsfootball.net/proxy.php?url=https%3A%2F%2Fimage.maxpreps.io%2Fschool-mascot%2F5%2Ff%2Fe%2F5fe5b7e0-5650-47bf-9446-a93a192cb9f9.gif%3Fversion%3D637087314000000000%26amp%3Bwidth%3D32%26amp%3Bheight%3D32%26amp%3Bauto%3Dwebp%26amp%3Bformat%3Dpjpg"
18,"Roundup vs Red Lodge",Boys Volleyball,"Montana",9/10/2026,6:00pm,"The Roundup varsity volleyball team has an away conference match @  Red Lodge (MT) today @ 6p.","/mt/volleyball/match/red-lodge-rams-vs-roundup/9-10-2026/?c=4c025285-8e80-4fb3-b928-4721926d180c","https://www.maxpreps.com/mt/volleyball/match/red-lodge-rams-vs-roundup/9-10-2026/?c=4c025285-8e80-4fb3-b928-4721926d180c","/volleyball/mt/9a3?9/10/2026","Panthers","Redskins","https://www.maxpreps.com/mt/red-lodge-rams/boys-volleyball/","https://www.maxpreps.com/mt/roundup/boys-volleyball/","https://hsfootball.net/proxy.php?url=https%3A%2F%2Fimage.maxpreps.io%2Fschool-mascot%2F5%2F5%2Fa%2F55af2bca-8d1d-461d-a78d-8521086b9f78.gif%3Fversion%3D635031704400000000%26amp%3Bwidth%3D128%26amp%3Bheight%3D128%26amp%3Bauto%3Dwebp%26amp%3Bformat%3Dpjpg","https://hsfootball.net/proxy.php?url=https%3A%2F%2Fimage.maxpreps.io%2Fschool-mascot%2F5%2F5%2Fa%2F55af2bca-8d1d-461d-a78d-8521086b9f78.gif%3Fversion%3D635031704400000000%26amp%3Bwidth%3D32%26amp%3Bheight%3D32%26amp%3Bauto%3Dwebp%26amp%3Bformat%3Dpjpg"
19,"Shields Valley vs Sheridan",Boys Volleyball,"Montana",9/10/2026,6:30pm,"The Shields Valley varsity volleyball team has an away non-conference match @  Sheridan (MT) today @ 6:30p.","/mt/volleyball/match/sheridan-vs-shields-valley-clyde-park/9-10-2026/?c=0b5c8e2b-7168-4e3a-ac07-764fcf667056","https://www.maxpreps.com/mt/volleyball/match/sheridan-vs-shields-valley-clyde-park/9-10-2026/?c=0b5c8e2b-7168-4e3a-ac07-764fcf667056","/volleyball/mt/e50?9/10/2026","Rebels","Panthers","https://www.maxpreps.com/mt/sheridan/boys-volleyball/","https://www.maxpreps.com/mt/shields-valley-clyde-park/boys-volleyball/","https://hsfootball.net/proxy.php?url=https%3A%2F%2Fimage.maxpreps.io%2Fschool-mascot%2F5%2Fd%2Ff%2F5dff526d-67c0-45a2-b8ee-66c7bf130c75.gif%3Fversion%3D635774737800000000%26amp%3Bwidth%3D128%26amp%3Bheight%3D128%26amp%3Bauto%3Dwebp%26amp%3Bformat%3Dpjpg","https://hsfootball.net/proxy.php?url=https%3A%2F%2Fimage.maxpreps.io%2Fschool-mascot%2F6%2F9%2Fa%2F69a4512c-51ce-4711-aca5-cd10ef3e85e6.gif%3Fversion%3D634924675200000000%26amp%3Bwidth%3D128%26amp%3Bheight%3D128%26amp%3Bauto%3Dwebp%26amp%3Bformat%3Dpjpg"
20,"Yellowstone HomeSchool vs Mt. Ellis Academy",Boys Volleyball,"Montana",9/10/2026,6:30pm,"The Yellowstone HomeSchool varsity volleyball team has an away non-conference match @  Mt. Ellis Academy (Bozeman, MT) today @ 6:30p.","/mt/volleyball/match/mt-ellis-academy-bozeman-vs-yellowstone-homeschool-billings/9-10-2026/?c=8a1ab535-ad7f-41c2-8b86-21b597fab4e0","https://www.maxpreps.com/mt/volleyball/match/mt-ellis-academy-bozeman-vs-yellowstone-homeschool-billings/9-10-2026/?c=8a1ab535-ad7f-41c2-8b86-21b597fab4e0","/volleyball/mt/1728?9/10/2026","Knights","Eagles","https://www.maxpreps.com/mt/mt-ellis-academy-bozeman/boys-volleyball/","https://www.maxpreps.com/mt/yellowstone-homeschool-billings/boys-volleyball/","https://hsfootball.net/proxy.php?url=https%3A%2F%2Fimage.maxpreps.io%2Fschool-mascot%2F6%2F0%2F2%2F602215aa-0da7-4603-ab05-52d5bf1ce90e.gif%3Fversion%3D637757578800000000%26amp%3Bwidth%3D128%26amp%3Bheight%3D128%26amp%3Bauto%3Dwebp%26amp%3Bformat%3Dpjpg","https://hsfootball.net/proxy.php?url=https%3A%2F%2Fimage.maxpreps.io%2Fschool-mascot%2F6%2F0%2F2%2F602215aa-0da7-4603-ab05-52d5bf1ce90e.gif%3Fversion%3D637757578800000000%26amp%3Bwidth%3D32%26amp%3Bheight%3D32%26amp%3Bauto%3Dwebp%26amp%3Bformat%3Dpjpg"
21,"North Toole County vs North Star",Boys Volleyball,"Montana",9/10/2026,6:30pm,"The North Toole County varsity volleyball team has an away non-conference match @  North Star (Rudyard, MT) today @ 6:30p.","/mt/volleyball/match/north-star-rudyard-vs-north-toole-county-sunburst/9-10-2026/?c=f7389a9a-08e5-44cd-acc4-49422469afa1","https://www.maxpreps.com/mt/volleyball/match/north-star-rudyard-vs-north-toole-county-sunburst/9-10-2026/?c=f7389a9a-08e5-44cd-acc4-49422469afa1","/volleyball/mt/137a?9/10/2026","Refiners","Knights","https://www.maxpreps.com/mt/north-star-rudyard/boys-volleyball/","https://www.maxpreps.com/mt/north-toole-county-sunburst/boys-volleyball/","https://hsfootball.net/proxy.php?url=https%3A%2F%2Fimage.maxpreps.io%2Fschool-mascot%2Fe%2F2%2F9%2Fe29d6db3-6b63-435a-ac68-9a45b96f990f.gif%3Fversion%3D633651395400000000%26amp%3Bwidth%3D128%26amp%3Bheight%3D128%26amp%3Bauto%3Dwebp%26amp%3Bformat%3Dpjpg","https://hsfootball.net/proxy.php?url=https%3A%2F%2Fimage.maxpreps.io%2Fschool-mascot%2Fe%2F2%2F9%2Fe29d6db3-6b63-435a-ac68-9a45b96f990f.gif%3Fversion%3D633651395400000000%26amp%3Bwidth%3D32%26amp%3Bheight%3D32%26amp%3Bauto%3Dwebp%26amp%3Bformat%3Dpjpg"
22,"Roberts vs Absarokee",Boys Volleyball,"Montana",9/10/2026,6:30pm,"The Roberts varsity volleyball team has an away conference match @  Absarokee (MT) today @ 6:30p.","/mt/volleyball/match/absarokee-vs-roberts/9-10-2026/?c=110793eb-259e-4192-ae5b-b8c500a438c8","https://www.maxpreps.com/mt/volleyball/match/absarokee-vs-roberts/9-10-2026/?c=110793eb-259e-4192-ae5b-b8c500a438c8","/volleyball/mt/7f1?9/10/2026","Rockets","Huskies","https://www.maxpreps.com/mt/absarokee/boys-volleyball/","https://www.maxpreps.com/mt/roberts/boys-volleyball/","https://hsfootball.net/proxy.php?url=https%3A%2F%2Fimage.maxpreps.io%2Fschool-mascot%2F4%2Fa%2F3%2F4a39cc11-d1b2-4dac-90d5-840abb280d9c.gif%3Fversion%3D639003752471437290%26amp%3Bwidth%3D128%26amp%3Bheight%3D128%26amp%3Bauto%3Dwebp%26amp%3Bformat%3Dpjpg","https://hsfootball.net/proxy.php?url=https%3A%2F%2Fimage.maxpreps.io%2Fschool-mascot%2F8%2Fd%2F8%2F8d8b2351-95d2-496a-a9ed-cf3469a863f9.gif%3Fversion%3D634064127600000000%26amp%3Bwidth%3D128%26amp%3Bheight%3D128%26amp%3Bauto%3Dwebp%26amp%3Bformat%3Dpjpg"
23,"Plenty Coups vs Reed Point/Rapelje",Boys Volleyball,"Montana",9/10/2026,6:30pm,"The Plenty Coups varsity volleyball team has an away conference match @  Reed Point/Rapelje (Reed Point, MT) today @ 6:30p.","/mt/volleyball/match/plenty-coups-pryor-vs-reed-point-rapelje/9-10-2026/?c=6d0f587a-d0aa-4181-9532-13865a5ab817","https://www.maxpreps.com/mt/volleyball/match/plenty-coups-pryor-vs-reed-point-rapelje/9-10-2026/?c=6d0f587a-d0aa-4181-9532-13865a5ab817","/volleyball/mt/fa6?9/10/2026","Warriors","Renegades","https://www.maxpreps.com/mt/plenty-coups-pryor/boys-volleyball/","https://www.maxpreps.com/mt/reed-point-rapelje/boys-volleyball/","https://hsfootball.net/proxy.php?url=https%3A%2F%2Fimage.maxpreps.io%2Fschool-mascot%2F6%2F8%2F9%2F689c6ee7-50f6-4dad-aaf4-23693cceacde.gif%3Fversion%3D633910372200000000%26amp%3Bwidth%3D128%26amp%3Bheight%3D128%26amp%3Bauto%3Dwebp%26amp%3Bformat%3Dpjpg","https://hsfootball.net/proxy.php?url=https%3A%2F%2Fimage.maxpreps.io%2Fschool-mascot%2F6%2F8%2F9%2F689c6ee7-50f6-4dad-aaf4-23693cceacde.gif%3Fversion%3D633910372200000000%26amp%3Bwidth%3D32%26amp%3Bheight%3D32%26amp%3Bauto%3Dwebp%26amp%3Bformat%3Dpjpg"
24,"Florence-Carlton vs Darby",Boys Volleyball,"Montana",9/10/2026,6:45pm,"The Florence-Carlton varsity volleyball team has an away conference match @  Darby (MT) today @ 6:45p.","/mt/volleyball/match/darby-vs-florence-carlton/9-10-2026/?c=cc8a945b-0a47-4ebe-94ab-be3c1dc4681d","https://www.maxpreps.com/mt/volleyball/match/darby-vs-florence-carlton/9-10-2026/?c=cc8a945b-0a47-4ebe-94ab-be3c1dc4681d","/volleyball/mt/9c3?9/10/2026","Falcons","Tigers","https://www.maxpreps.com/mt/darby/boys-volleyball/","https://www.maxpreps.com/mt/florence-carlton/boys-volleyball/","https://hsfootball.net/proxy.php?url=https%3A%2F%2Fimage.maxpreps.io%2Fschool-mascot%2F0%2F7%2F9%2F0792a65f-6323-407d-bfc2-20bbad575e5a.gif%3Fversion%3D639035004278074290%26amp%3Bwidth%3D128%26amp%3Bheight%3D128%26amp%3Bauto%3Dwebp%26amp%3Bformat%3Dpjpg","https://hsfootball.net/proxy.php?url=https%3A%2F%2Fimage.maxpreps.io%2Fschool-mascot%2Fe%2F6%2F8%2Fe6891453-cac1-4fda-b12c-a98f8b1e814e.gif%3Fversion%3D636512660400000000%26amp%3Bwidth%3D128%26amp%3Bheight%3D128%26amp%3Bauto%3Dwebp%26amp%3Bformat%3Dpjpg"
25,"Harlowton vs Denton/Geyser/Stanford/Grass Range/Winnett",Boys Volleyball,"Montana",9/10/2026,6:45pm,"The Harlowton varsity volleyball team has an away non-conference match @  Denton/Geyser/Stanford/Grass Range/Winnett (Stanford, MT) today @ 6:45p.","/mt/volleyball/match/denton-geyser-stanford-grass-range-winnett-vs-harlowton/9-10-2026/?c=7f8219fb-2da0-46fb-b33b-9c0da00ef6b7","https://www.maxpreps.com/mt/volleyball/match/denton-geyser-stanford-grass-range-winnett-vs-harlowton/9-10-2026/?c=7f8219fb-2da0-46fb-b33b-9c0da00ef6b7","/volleyball/mt/15b0?9/10/2026","Engineers","TBD","https://www.maxpreps.com/mt/denton-geyser-stanford-grass-range-winnett/boys-volleyball/","https://www.maxpreps.com/mt/harlowton/boys-volleyball/","https://hsfootball.net/proxy.php?url=https%3A%2F%2Fasset.maxpreps.io%2Fincludes%2Fimages%2Flogos%2Fmaxpreps-logo-white-2025.png","https://hsfootball.net/proxy.php?url=https%3A%2F%2Fasset.maxpreps.io%2Fincludes%2Freact%2Fplay-on-logo.png"
26,"Fairfield vs Fort Benton",Boys Volleyball,"Montana",9/10/2026,6:45pm,"The Fairfield varsity volleyball team has an away conference match @  Fort Benton (MT) today @ 6:45p.","/mt/volleyball/match/fairfield-vs-fort-benton/9-10-2026/?c=c97b59fc-381c-40e9-a57d-75c9cd255779","https://www.maxpreps.com/mt/volleyball/match/fairfield-vs-fort-benton/9-10-2026/?c=c97b59fc-381c-40e9-a57d-75c9cd255779","/volleyball/mt/957?9/10/2026","Eagles","Longhorns","https://www.maxpreps.com/mt/fairfield/boys-volleyball/","https://www.maxpreps.com/mt/fort-benton/boys-volleyball/","https://hsfootball.net/proxy.php?url=https%3A%2F%2Fimage.maxpreps.io%2Fschool-mascot%2Fe%2Fd%2Ff%2Fedfd00c2-798c-4ba7-be7b-ba36d15680bd.gif%3Fversion%3D634217163600000000%26amp%3Bwidth%3D128%26amp%3Bheight%3D128%26amp%3Bauto%3Dwebp%26amp%3Bformat%3Dpjpg","https://hsfootball.net/proxy.php?url=https%3A%2F%2Fimage.maxpreps.io%2Fschool-mascot%2Fe%2Fd%2Ff%2Fedfd00c2-798c-4ba7-be7b-ba36d15680bd.gif%3Fversion%3D634217163600000000%26amp%3Bwidth%3D32%26amp%3Bheight%3D32%26amp%3Bauto%3Dwebp%26amp%3Bformat%3Dpjpg"
27,"Broadwater vs Jefferson",Boys Volleyball,"Montana",9/10/2026,7:00pm,"The Broadwater varsity volleyball team has an away conference match @  Jefferson (Boulder, MT) today @ 7p.","/mt/volleyball/match/broadwater-townsend-vs-jefferson-boulder/9-10-2026/?c=d5d928b3-0d2a-4566-bf72-0fc6f67fe119","https://www.maxpreps.com/mt/volleyball/match/broadwater-townsend-vs-jefferson-boulder/9-10-2026/?c=d5d928b3-0d2a-4566-bf72-0fc6f67fe119","/volleyball/mt/fe9?9/10/2026","Bulldogs","Panthers","https://www.maxpreps.com/mt/broadwater-townsend/boys-volleyball/","https://www.maxpreps.com/mt/jefferson-boulder/boys-volleyball/","https://hsfootball.net/proxy.php?url=https%3A%2F%2Fimage.maxpreps.io%2Fschool-mascot%2Fb%2F7%2Ff%2Fb7fddb97-b803-4723-bb2a-52fcad4fc50d.gif%3Fversion%3D638043767400000000%26amp%3Bwidth%3D128%26amp%3Bheight%3D128%26amp%3Bauto%3Dwebp%26amp%3Bformat%3Dpjpg","https://hsfootball.net/proxy.php?url=https%3A%2F%2Fimage.maxpreps.io%2Fschool-mascot%2Fe%2F2%2F2%2Fe22d859c-6baf-4aea-bcb1-2c55025ad361.gif%3Fversion%3D638790006428304910%26amp%3Bwidth%3D128%26amp%3Bheight%3D128%26amp%3Bauto%3Dwebp%26amp%3Bformat%3Dpjpg"
28,"Valley Christian vs Granite",Boys Volleyball,"Montana",9/10/2026,7:00pm,"The Valley Christian varsity volleyball team has an away conference match @  Granite (Philipsburg, MT) today @ 7p.","/mt/volleyball/match/granite-philipsburg-vs-valley-christian-missoula/9-10-2026/?c=b389d10c-f7b2-4a4b-bc69-fc4668a6f953","https://www.maxpreps.com/mt/volleyball/match/granite-philipsburg-vs-valley-christian-missoula/9-10-2026/?c=b389d10c-f7b2-4a4b-bc69-fc4668a6f953","/volleyball/mt/131c?9/10/2026","Eagles","Prospectors","https://www.maxpreps.com/mt/granite-philipsburg/boys-volleyball/","https://www.maxpreps.com/mt/valley-christian-missoula/boys-volleyball/","https://hsfootball.net/proxy.php?url=https%3A%2F%2Fimage.maxpreps.io%2Fschool-mascot%2F5%2Fd%2F2%2F5d2bf455-1020-4985-8216-e32bc10dbd39.gif%3Fversion%3D637641327000000000%26amp%3Bwidth%3D128%26amp%3Bheight%3D128%26amp%3Bauto%3Dwebp%26amp%3Bformat%3Dpjpg","https://hsfootball.net/proxy.php?url=https%3A%2F%2Fimage.maxpreps.io%2Fschool-mascot%2F5%2Fd%2F2%2F5d2bf455-1020-4985-8216-e32bc10dbd39.gif%3Fversion%3D637641327000000000%26amp%3Bwidth%3D32%26amp%3Bheight%3D32%26amp%3Bauto%3Dwebp%26amp%3Bformat%3Dpjpg"
29,"Huntley Project vs Colstrip",Boys Volleyball,"Montana",9/10/2026,7:00pm,"The Huntley Project varsity volleyball team has an away non-conference match @  Colstrip (MT) today @ 7p.","/mt/volleyball/match/colstrip-vs-huntley-project-worden/9-10-2026/?c=91ea3b8d-bdcc-45c3-a6b2-543e9253a76e","https://www.maxpreps.com/mt/volleyball/match/colstrip-vs-huntley-project-worden/9-10-2026/?c=91ea3b8d-bdcc-45c3-a6b2-543e9253a76e","/volleyball/mt/d9c?9/10/2026","Red Devils","Colts","https://www.maxpreps.com/mt/colstrip/boys-volleyball/","https://www.maxpreps.com/mt/huntley-project-worden/boys-volleyball/","https://hsfootball.net/proxy.php?url=https%3A%2F%2Fimage.maxpreps.io%2Fschool-mascot%2F6%2Fa%2F9%2F6a9e57ca-9454-48b5-823c-7d644c355827.gif%3Fversion%3D637980510600000000%26amp%3Bwidth%3D128%26amp%3Bheight%3D128%26amp%3Bauto%3Dwebp%26amp%3Bformat%3Dpjpg","https://hsfootball.net/proxy.php?url=https%3A%2F%2Fimage.maxpreps.io%2Fschool-mascot%2Fd%2F9%2F2%2Fd9264767-350b-4273-b67f-e2c622e8ce10.gif%3Fversion%3D634628511600000000%26amp%3Bwidth%3D128%26amp%3Bheight%3D128%26amp%3Bauto%3Dwebp%26amp%3Bformat%3Dpjpg"
30,"Lincoln vs Drummond",Boys Volleyball,"Montana",9/10/2026,7:00pm,"The Lincoln varsity volleyball team has an away conference match @  Drummond (MT) today @ 7p.","/mt/volleyball/match/drummond-vs-lincoln/9-10-2026/?c=97dd320a-1434-4d0e-811c-91af3bb41cbe","https://www.maxpreps.com/mt/volleyball/match/drummond-vs-lincoln/9-10-2026/?c=97dd320a-1434-4d0e-811c-91af3bb41cbe","/volleyball/mt/798?9/10/2026","Lynx","Trojans","https://www.maxpreps.com/mt/drummond/boys-volleyball/","https://www.maxpreps.com/mt/lincoln/boys-volleyball/","https://hsfootball.net/proxy.php?url=https%3A%2F%2Fimage.maxpreps.io%2Fschool-mascot%2Fb%2F4%2Fc%2Fb4c08eb4-b7cb-4501-94be-9929a0d79a26.gif%3Fversion%3D635763627000000000%26amp%3Bwidth%3D128%26amp%3Bheight%3D128%26amp%3Bauto%3Dwebp%26amp%3Bformat%3Dpjpg","https://hsfootball.net/proxy.php?url=https%3A%2F%2Fimage.maxpreps.io%2Fschool-mascot%2Fb%2F4%2Fc%2Fb4c08eb4-b7cb-4501-94be-9929a0d79a26.gif%3Fversion%3D635763627000000000%26amp%3Bwidth%3D32%26amp%3Bheight%3D32%26amp%3Bauto%3Dwebp%26amp%3Bformat%3Dpjpg"
31,"Poplar vs Wolf Point",Boys Volleyball,"Montana",9/10/2026,7:00pm,"The Poplar varsity volleyball team has an away conference match @  Wolf Point (MT) today @ 7p.","/mt/volleyball/match/poplar-vs-wolf-point/9-10-2026/?c=63c8b75a-7b06-4fcc-899b-2004d493afbe","https://www.maxpreps.com/mt/volleyball/match/poplar-vs-wolf-point/9-10-2026/?c=63c8b75a-7b06-4fcc-899b-2004d493afbe","/volleyball/mt/7e0?9/10/2026","Indians","Wolves","https://www.maxpreps.com/mt/poplar/boys-volleyball/","https://www.maxpreps.com/mt/wolf-point/boys-volleyball/","https://hsfootball.net/proxy.php?url=https%3A%2F%2Fimage.maxpreps.io%2Fschool-mascot%2F3%2Ff%2F2%2F3f258552-1946-425f-ba7e-6753178c0c91.gif%3Fversion%3D634229803200000000%26amp%3Bwidth%3D128%26amp%3Bheight%3D128%26amp%3Bauto%3Dwebp%26amp%3Bformat%3Dpjpg","https://hsfootball.net/proxy.php?url=https%3A%2F%2Fimage.maxpreps.io%2Fschool-mascot%2F3%2Ff%2F2%2F3f258552-1946-425f-ba7e-6753178c0c91.gif%3Fversion%3D634229803200000000%26amp%3Bwidth%3D32%26amp%3Bheight%3D32%26amp%3Bauto%3Dwebp%26amp%3Bformat%3Dpjpg"
32,"Beaverhead County vs Anaconda",Boys Volleyball,"Montana",9/10/2026,7:00pm,"The Beaverhead County varsity volleyball team has an away non-conference match @  Anaconda (MT) today @ 7p.","/mt/volleyball/match/anaconda-vs-beaverhead-county-dillon/9-10-2026/?c=9210160c-66fe-46b1-9ff8-123e9fd1b50a","https://www.maxpreps.com/mt/volleyball/match/anaconda-vs-beaverhead-county-dillon/9-10-2026/?c=9210160c-66fe-46b1-9ff8-123e9fd1b50a","/volleyball/mt/dfd?9/10/2026","Beavers","Copperheads","https://www.maxpreps.com/mt/anaconda/boys-volleyball/","https://www.maxpreps.com/mt/beaverhead-county-dillon/boys-volleyball/","https://hsfootball.net/proxy.php?url=https%3A%2F%2Fimage.maxpreps.io%2Fschool-mascot%2F0%2F4%2F8%2F0488e4f2-40a3-4e2f-abc2-9258a0d8f7bf.gif%3Fversion%3D638784110062780950%26amp%3Bwidth%3D128%26amp%3Bheight%3D128%26amp%3Bauto%3Dwebp%26amp%3Bformat%3Dpjpg","https://hsfootball.net/proxy.php?url=https%3A%2F%2Fimage.maxpreps.io%2Fschool-mascot%2F7%2Fc%2Fb%2F7cbff186-d1b4-49a1-86d8-3864c5e0315b.gif%3Fversion%3D637342080600000000%26amp%3Bwidth%3D128%26amp%3Bheight%3D128%26amp%3Bauto%3Dwebp%26amp%3Bformat%3Dpjpg"
33,"Columbus vs Joliet",Boys Volleyball,"Montana",9/10/2026,7:00pm,"The Columbus varsity volleyball team has an away conference match @  Joliet (MT) today @ 7p.","/mt/volleyball/match/columbus-vs-joliet/9-10-2026/?c=42e5b646-18ed-40f3-a408-f0cbbd9193a1","https://www.maxpreps.com/mt/volleyball/match/columbus-vs-joliet/9-10-2026/?c=42e5b646-18ed-40f3-a408-f0cbbd9193a1","/volleyball/mt/734?9/10/2026","Cougars","J Hawks","https://www.maxpreps.com/mt/columbus/boys-volleyball/","https://www.maxpreps.com/mt/joliet/boys-volleyball/","https://hsfootball.net/proxy.php?url=https%3A%2F%2Fimage.maxpreps.io%2Fschool-mascot%2Fd%2F2%2F8%2Fd2811309-044a-4bad-aa6a-599df040d688.gif%3Fversion%3D635775690600000000%26amp%3Bwidth%3D128%26amp%3Bheight%3D128%26amp%3Bauto%3Dwebp%26amp%3Bformat%3Dpjpg","https://hsfootball.net/proxy.php?url=https%3A%2F%2Fimage.maxpreps.io%2Fschool-mascot%2Fd%2F2%2F8%2Fd2811309-044a-4bad-aa6a-599df040d688.gif%3Fversion%3D635775690600000000%26amp%3Bwidth%3D32%26amp%3Bheight%3D32%26amp%3Bauto%3Dwebp%26amp%3Bformat%3Dpjpg"
34,"Rocky Boy vs Cut Bank",Boys Volleyball,"Montana",9/10/2026,7:00pm,"The Rocky Boy varsity volleyball team has an away conference match @  Cut Bank (MT) today @ 7p.","/mt/volleyball/match/cut-bank-vs-rocky-boy-box-elder/9-10-2026/?c=f9bd3bdd-da04-4508-a499-6e04da8c86f5","https://www.maxpreps.com/mt/volleyball/match/cut-bank-vs-rocky-boy-box-elder/9-10-2026/?c=f9bd3bdd-da04-4508-a499-6e04da8c86f5","/volleyball/mt/ba6?9/10/2026","Northern Stars","Wolves","https://www.maxpreps.com/mt/cut-bank/boys-volleyball/","https://www.maxpreps.com/mt/rocky-boy-box-elder/boys-volleyball/","https://hsfootball.net/proxy.php?url=https%3A%2F%2Fimage.maxpreps.io%2Fschool-mascot%2F0%2F2%2Fe%2F02e430fd-2bbd-44cf-81b1-8fd7b846b9fa.gif%3Fversion%3D635852601000000000%26amp%3Bwidth%3D128%26amp%3Bheight%3D128%26amp%3Bauto%3Dwebp%26amp%3Bformat%3Dpjpg","https://hsfootball.net/proxy.php?url=https%3A%2F%2Fimage.maxpreps.io%2Fschool-mascot%2F5%2Ff%2F4%2F5f46bac1-47b5-4c97-ae77-2aaee6d51b10.gif%3Fversion%3D634540087800000000%26amp%3Bwidth%3D128%26amp%3Bheight%3D128%26amp%3Bauto%3Dwebp%26amp%3Bformat%3Dpjpg"
35,"Two Eagle River vs Superior",Boys Volleyball,"Montana",9/10/2026,7:00pm,"The Two Eagle River varsity volleyball team has an away conference match @  Superior (MT) today @ 7p.","/mt/volleyball/match/superior-vs-two-eagle-river-pablo/9-10-2026/?c=c4a32a88-33c0-4797-a957-47df1d597e70","https://www.maxpreps.com/mt/volleyball/match/superior-vs-two-eagle-river-pablo/9-10-2026/?c=c4a32a88-33c0-4797-a957-47df1d597e70","/volleyball/mt/cd1?9/10/2026","Eagles","Bobcats","https://www.maxpreps.com/mt/superior/boys-volleyball/","https://www.maxpreps.com/mt/two-eagle-river-pablo/boys-volleyball/","https://hsfootball.net/proxy.php?url=https%3A%2F%2Fasset.maxpreps.io%2Fincludes%2Fimages%2Flogos%2Fmaxpreps-logo-white-2025.png","https://hsfootball.net/proxy.php?url=https%3A%2F%2Fasset.maxpreps.io%2Fincludes%2Freact%2Fplay-on-logo.png"
36,"Ronan vs Corvallis",Boys Volleyball,"Montana",9/10/2026,7:00pm,"The Ronan varsity volleyball team has an away non-conference match @  Corvallis (MT) today @ 7p.","/mt/volleyball/match/corvallis-vs-ronan/9-10-2026/?c=172b0f65-52a0-4879-acc3-74c6ab31e937","https://www.maxpreps.com/mt/volleyball/match/corvallis-vs-ronan/9-10-2026/?c=172b0f65-52a0-4879-acc3-74c6ab31e937","/volleyball/mt/730?9/10/2026","Chiefs","Blue Devils","https://www.maxpreps.com/mt/corvallis/boys-volleyball/","https://www.maxpreps.com/mt/ronan/boys-volleyball/","https://hsfootball.net/proxy.php?url=https%3A%2F%2Fimage.maxpreps.io%2Fschool-mascot%2F9%2Fe%2F3%2F9e3c385a-ab1e-4e68-b996-5c9262b7dcbf.gif%3Fversion%3D636196348200000000%26amp%3Bwidth%3D128%26amp%3Bheight%3D128%26amp%3Bauto%3Dwebp%26amp%3Bformat%3Dpjpg","https://hsfootball.net/proxy.php?url=https%3A%2F%2Fimage.maxpreps.io%2Fschool-mascot%2F0%2Fa%2Fb%2F0abbab92-b1d2-4707-a2ad-25e192e9d40e.gif%3Fversion%3D637581534000000000%26amp%3Bwidth%3D128%26amp%3Bheight%3D128%26amp%3Bauto%3Dwebp%26amp%3Bformat%3Dpjpg"
37,"Stevensville vs Butte Central Catholic",Boys Volleyball,"Montana",9/10/2026,7:00pm,"The Stevensville varsity volleyball team has an away conference match @  Butte Central Catholic (Butte, MT) today @ 7p.","/mt/volleyball/match/butte-central-catholic-vs-stevensville/9-10-2026/?c=43f098cf-21fe-499e-ad8d-655da546d427","https://www.maxpreps.com/mt/volleyball/match/butte-central-catholic-vs-stevensville/9-10-2026/?c=43f098cf-21fe-499e-ad8d-655da546d427","/volleyball/mt/f15?9/10/2026","Yellowjackets","Maroons","https://www.maxpreps.com/mt/butte-central-catholic/boys-volleyball/","https://www.maxpreps.com/mt/stevensville/boys-volleyball/","https://hsfootball.net/proxy.php?url=https%3A%2F%2Fimage.maxpreps.io%2Fschool-mascot%2Fd%2Fd%2Ff%2Fddfbac32-3be1-4e05-88eb-be854697387c.gif%3Fversion%3D637691994600000000%26amp%3Bwidth%3D128%26amp%3Bheight%3D128%26amp%3Bauto%3Dwebp%26amp%3Bformat%3Dpjpg","https://hsfootball.net/proxy.php?url=https%3A%2F%2Fimage.maxpreps.io%2Fschool-mascot%2F1%2Fb%2F8%2F1b84df74-8077-4f40-b6de-9913ad6c80b4.gif%3Fversion%3D636102951000000000%26amp%3Bwidth%3D128%26amp%3Bheight%3D128%26amp%3Bauto%3Dwebp%26amp%3Bformat%3Dpjpg"
38,"East Helena vs Laurel",Boys Volleyball,"Montana",9/10/2026,7:00pm,"The East Helena varsity volleyball team has an away conference match @  Laurel (MT) today @ 7p.","/mt/volleyball/match/east-helena-vs-laurel/9-10-2026/?c=a498684d-e4e1-4c3d-83cb-0e87cadd5d22","https://www.maxpreps.com/mt/volleyball/match/east-helena-vs-laurel/9-10-2026/?c=a498684d-e4e1-4c3d-83cb-0e87cadd5d22","/volleyball/mt/80f?9/10/2026","Vigilantes","Locomotives","https://www.maxpreps.com/mt/east-helena/boys-volleyball/","https://www.maxpreps.com/mt/laurel/boys-volleyball/","https://hsfootball.net/proxy.php?url=https%3A%2F%2Fimage.maxpreps.io%2Fschool-mascot%2F3%2F5%2F4%2F3546a0e1-80be-4a0e-b7f6-6c41ce285a33.gif%3Fversion%3D637689364800000000%26amp%3Bwidth%3D128%26amp%3Bheight%3D128%26amp%3Bauto%3Dwebp%26amp%3Bformat%3Dpjpg","https://hsfootball.net/proxy.php?url=https%3A%2F%2Fimage.maxpreps.io%2Fschool-mascot%2F3%2Fb%2F4%2F3b441795-fc22-49fa-9534-51b4ad985fa6.gif%3Fversion%3D638893176730003270%26amp%3Bwidth%3D128%26amp%3Bheight%3D128%26amp%3Bauto%3Dwebp%26amp%3Bformat%3Dpjpg"
39,"Belgrade vs Great Falls",Boys Volleyball,"Montana",9/10/2026,7:00pm,"The Belgrade varsity volleyball team has an away conference match @  Great Falls (MT) today @ 7p.","/mt/volleyball/match/belgrade-vs-great-falls/9-10-2026/?c=c5380896-93f4-41eb-a4dd-c4628b82a064","https://www.maxpreps.com/mt/volleyball/match/belgrade-vs-great-falls/9-10-2026/?c=c5380896-93f4-41eb-a4dd-c4628b82a064","/volleyball/mt/8cb?9/10/2026","Panthers","Bison","https://www.maxpreps.com/mt/belgrade/boys-volleyball/","https://www.maxpreps.com/mt/great-falls/boys-volleyball/","https://hsfootball.net/proxy.php?url=https%3A%2F%2Fimage.maxpreps.io%2Fschool-mascot%2F6%2Fb%2Ff%2F6bf7908a-5a6e-411f-9995-7630d16b4239.gif%3Fversion%3D636122943600000000%26amp%3Bwidth%3D128%26amp%3Bheight%3D128%26amp%3Bauto%3Dwebp%26amp%3Bformat%3Dpjpg","https://hsfootball.net/proxy.php?url=https%3A%2F%2Fimage.maxpreps.io%2Fschool-mascot%2F0%2Ff%2F9%2F0f933e4d-eb85-4740-baf3-eee934cb7ad7.gif%3Fversion%3D638309023200000000%26amp%3Bwidth%3D128%26amp%3Bheight%3D128%26amp%3Bauto%3Dwebp%26amp%3Bformat%3Dpjpg"
40,"Hamilton vs Polson",Boys Volleyball,"Montana",9/10/2026,7:15pm,"The Hamilton varsity volleyball team has an away non-conference match @  Polson (MT) today @ 7:15p.","/mt/volleyball/match/hamilton-vs-polson/9-10-2026/?c=e8169808-f827-415f-9efe-9e407299f809","https://www.maxpreps.com/mt/volleyball/match/hamilton-vs-polson/9-10-2026/?c=e8169808-f827-415f-9efe-9e407299f809","/volleyball/mt/73a?9/10/2026","Broncs","Pirates","https://www.maxpreps.com/mt/hamilton/boys-volleyball/","https://www.maxpreps.com/mt/polson/boys-volleyball/","https://hsfootball.net/proxy.php?url=https%3A%2F%2Fimage.maxpreps.io%2Fschool-mascot%2F4%2Fb%2F6%2F4b631074-92af-49eb-bc87-940eb8f5e76e.gif%3Fversion%3D634693023000000000%26amp%3Bwidth%3D128%26amp%3Bheight%3D128%26amp%3Bauto%3Dwebp%26amp%3Bformat%3Dpjpg","https://hsfootball.net/proxy.php?url=https%3A%2F%2Fimage.maxpreps.io%2Fschool-mascot%2F9%2Fb%2F2%2F9b28a622-03ac-4d5a-b09e-00ace2640216.gif%3Fversion%3D637685074800000000%26amp%3Bwidth%3D128%26amp%3Bheight%3D128%26amp%3Bauto%3Dwebp%26amp%3Bformat%3Dpjpg"
41,"Whitefish vs Libby",Boys Volleyball,"Montana",9/10/2026,7:15pm,"The Whitefish varsity volleyball team has an away conference match @  Libby (MT) today @ 7:15p.","/mt/volleyball/match/libby-vs-whitefish/9-10-2026/?c=962c3c20-82e0-4dfb-ba56-8cc67ab20ec5","https://www.maxpreps.com/mt/volleyball/match/libby-vs-whitefish/9-10-2026/?c=962c3c20-82e0-4dfb-ba56-8cc67ab20ec5","/volleyball/mt/720?9/10/2026","Bulldogs","Loggers","https://www.maxpreps.com/mt/libby/boys-volleyball/","https://www.maxpreps.com/mt/whitefish/boys-volleyball/","https://hsfootball.net/proxy.php?url=https%3A%2F%2Fimage.maxpreps.io%2Fschool-mascot%2F0%2Ff%2Fb%2F0fb1f819-4fb9-4c3c-83e3-151b5a672164.gif%3Fversion%3D637656654000000000%26amp%3Bwidth%3D128%26amp%3Bheight%3D128%26amp%3Bauto%3Dwebp%26amp%3Bformat%3Dpjpg","https://hsfootball.net/proxy.php?url=https%3A%2F%2Fimage.maxpreps.io%2Fschool-mascot%2F2%2F8%2Fc%2F28cb7a35-b1fc-4697-84b5-437d21aaf79c.gif%3Fversion%3D637074382800000000%26amp%3Bwidth%3D128%26amp%3Bheight%3D128%26amp%3Bauto%3Dwebp%26amp%3Bformat%3Dpjpg"
42,"Big Sandy vs Highwood",Boys Volleyball,"Montana",9/10/2026,7:30pm,"The Big Sandy varsity volleyball team has an away non-conference match @  Highwood (MT) today @ 7:30p.","/mt/volleyball/match/big-sandy-vs-highwood/9-10-2026/?c=e1c65e48-8f4c-4de5-9896-e36fe12669c3","https://www.maxpreps.com/mt/volleyball/match/big-sandy-vs-highwood/9-10-2026/?c=e1c65e48-8f4c-4de5-9896-e36fe12669c3","/volleyball/mt/81a?9/10/2026","Pioneers","Mountaineers","https://www.maxpreps.com/mt/big-sandy/boys-volleyball/","https://www.maxpreps.com/mt/highwood/boys-volleyball/","https://hsfootball.net/proxy.php?url=https%3A%2F%2Fimage.maxpreps.io%2Fschool-mascot%2F4%2F6%2F6%2F466b8688-23a4-428b-b491-b2aaebb59cec.gif%3Fversion%3D636509956800000000%26amp%3Bwidth%3D128%26amp%3Bheight%3D128%26amp%3Bauto%3Dwebp%26amp%3Bformat%3Dpjpg","https://hsfootball.net/proxy.php?url=https%3A%2F%2Fimage.maxpreps.io%2Fschool-mascot%2F4%2F6%2F6%2F466b8688-23a4-428b-b491-b2aaebb59cec.gif%3Fversion%3D636509956800000000%26amp%3Bwidth%3D32%26amp%3Bheight%3D32%26amp%3Bauto%3Dwebp%26amp%3Bformat%3Dpjpg"
43,"Heart Butte vs Power/Dutton-Brady",Boys Volleyball,"Montana",9/10/2026,7:30pm,"The Heart Butte varsity volleyball team has an away non-conference match @  Power/Dutton-Brady (Power, MT) today @ 7:30p.","/mt/volleyball/match/heart-butte-vs-power-dutton-brady/9-10-2026/?c=7b586cb3-d141-48c7-9b28-7eaa1869cb63","https://www.maxpreps.com/mt/volleyball/match/heart-butte-vs-power-dutton-brady/9-10-2026/?c=7b586cb3-d141-48c7-9b28-7eaa1869cb63","/volleyball/mt/cdf?9/10/2026","Warriors","Titans","https://www.maxpreps.com/mt/heart-butte/boys-volleyball/","https://www.maxpreps.com/mt/power-dutton-brady/boys-volleyball/","https://hsfootball.net/proxy.php?url=https%3A%2F%2Fimage.maxpreps.io%2Fschool-mascot%2F8%2F4%2F2%2F8424ee65-0546-4c0b-bca2-e97813665de2.gif%3Fversion%3D637353573000000000%26amp%3Bwidth%3D128%26amp%3Bheight%3D128%26amp%3Bauto%3Dwebp%26amp%3Bformat%3Dpjpg","https://hsfootball.net/proxy.php?url=https%3A%2F%2Fimage.maxpreps.io%2Fschool-mascot%2F6%2F8%2Fe%2F68e5eee2-8e62-4b8c-ba3e-d05a1c8c3bdf.gif%3Fversion%3D635759551800000000%26amp%3Bwidth%3D128%26amp%3Bheight%3D128%26amp%3Bauto%3Dwebp%26amp%3Bformat%3Dpjpg"
44,"Box Elder vs Belt",Boys Volleyball,"Montana",9/10/2026,7:30pm,"The Box Elder varsity volleyball team has an away non-conference match @  Belt (MT) today @ 7:30p.","/mt/volleyball/match/belt-vs-box-elder/9-10-2026/?c=b50b48dc-d11c-4729-9236-689476d22e51","https://www.maxpreps.com/mt/volleyball/match/belt-vs-box-elder/9-10-2026/?c=b50b48dc-d11c-4729-9236-689476d22e51","/volleyball/mt/66c?9/10/2026","Bears","Huskies","https://www.maxpreps.com/mt/belt/boys-volleyball/","https://www.maxpreps.com/mt/box-elder/boys-volleyball/","https://hsfootball.net/proxy.php?url=https%3A%2F%2Fimage.maxpreps.io%2Fschool-mascot%2Fb%2F7%2F0%2Fb70abccc-44fe-4536-aeaf-cc0a5238e221.gif%3Fversion%3D636105634800000000%26amp%3Bwidth%3D128%26amp%3Bheight%3D128%26amp%3Bauto%3Dwebp%26amp%3Bformat%3Dpjpg","https://hsfootball.net/proxy.php?url=https%3A%2F%2Fimage.maxpreps.io%2Fschool-mascot%2Ff%2F1%2Fa%2Ff1aa60fa-d5c8-46e1-a857-b6825cada25d.gif%3Fversion%3D634320583200000000%26amp%3Bwidth%3D128%26amp%3Bheight%3D128%26amp%3Bauto%3Dwebp%26amp%3Bformat%3Dpjpg"
45,"Sidney vs Fairview",Boys Volleyball,"Montana",9/10/2026,7:30pm,"The Sidney varsity volleyball team has an away non-conference match @  Fairview (MT) today @ 7:30p.","/mt/volleyball/match/fairview-vs-sidney/9-10-2026/?c=173b642c-156c-4a92-b40a-83dc218bf9c6","https://www.maxpreps.com/mt/volleyball/match/fairview-vs-sidney/9-10-2026/?c=173b642c-156c-4a92-b40a-83dc218bf9c6","/volleyball/mt/72c?9/10/2026","Eagles","Warriors","https://www.maxpreps.com/mt/fairview/boys-volleyball/","https://www.maxpreps.com/mt/sidney/boys-volleyball/","https://hsfootball.net/proxy.php?url=https%3A%2F%2Fimage.maxpreps.io%2Fschool-mascot%2F3%2Fc%2Fd%2F3cd4d899-affa-4ebc-83e5-922dfe8b7280.gif%3Fversion%3D637441523400000000%26amp%3Bwidth%3D128%26amp%3Bheight%3D128%26amp%3Bauto%3Dwebp%26amp%3Bformat%3Dpjpg","https://hsfootball.net/proxy.php?url=https%3A%2F%2Fimage.maxpreps.io%2Fschool-mascot%2F3%2F0%2F8%2F308dd32e-a697-4aa8-a7bf-32c8861e63cf.gif%3Fversion%3D634648972200000000%26amp%3Bwidth%3D128%26amp%3Bheight%3D128%26amp%3Bauto%3Dwebp%26amp%3Bformat%3Dpjpg"
46,"Heart Butte vs Power",Boys Volleyball,"Montana",9/10/2026,TBD,"The Power varsity volleyball team has a game @ Heart Butte (Montana).","/mt/volleyball/match/heart-butte-vs-power/9-10-2026/?c=1a8bacb7-cd3a-46ca-a2e9-dd57ca1b4084","https://www.maxpreps.com/mt/volleyball/match/heart-butte-vs-power/9-10-2026/?c=1a8bacb7-cd3a-46ca-a2e9-dd57ca1b4084","/volleyball/mt/7d5?9/10/2026","Butte","Power","https://www.maxpreps.com/mt/heart-butte/boys-volleyball/","https://www.maxpreps.com/mt/power/boys-volleyball/","",""
47,"Baker Plevna vs Carter County Ekalaka",Boys Volleyball,"Montana",9/10/2026,TBD,"The Carter County Ekalaka varsity volleyball team has a game @ Baker Plevna (Montana).","/mt/volleyball/match/baker-plevna-vs-carter-county-ekalaka/9-10-2026/?c=0d45c15d-1c09-4d3e-93f6-5fc549ee8599","https://www.maxpreps.com/mt/volleyball/match/baker-plevna-vs-carter-county-ekalaka/9-10-2026/?c=0d45c15d-1c09-4d3e-93f6-5fc549ee8599","/volleyball/mt/e42?9/10/2026","Plevna","Ekalaka","https://www.maxpreps.com/mt/baker-plevna/boys-volleyball/","https://www.maxpreps.com/mt/carter-county-ekalaka/boys-volleyball/","",""
48,"Harvard Westlake Studio City vs Sierra Canyon Chatsworth",Boys Volleyball,"Montana",9/10/2026,TBD,"The Sierra Canyon Chatsworth varsity volleyball team has a game @ Harvard Westlake Studio City (Montana).","/ca/volleyball/match/harvard-westlake-studio-city-vs-sierra-canyon-chatsworth/9-10-2026/?c=9a9890aa-57f0-42f1-adb7-aaa1d30fb374","https://www.maxpreps.com/ca/volleyball/match/harvard-westlake-studio-city-vs-sierra-canyon-chatsworth/9-10-2026/?c=9a9890aa-57f0-42f1-adb7-aaa1d30fb374","/volleyball/mt/1612?9/10/2026","City","Chatsworth","https://www.maxpreps.com/mt/harvard-westlake-studio-city/boys-volleyball/","https://www.maxpreps.com/mt/sierra-canyon-chatsworth/boys-volleyball/","",""
49,"Orangewood Christian Maitland vs The First Academy Orlando",Boys Volleyball,"Montana",9/10/2026,TBD,"The The First Academy Orlando varsity volleyball team has a game @ Orangewood Christian Maitland (Montana).","/fl/volleyball/match/orangewood-christian-maitland-vs-the-first-academy-orlando/9-10-2026/?c=2184a79d-34ed-463b-b177-aa74ea3981c8","https://www.maxpreps.com/fl/volleyball/match/orangewood-christian-maitland-vs-the-first-academy-orlando/9-10-2026/?c=2184a79d-34ed-463b-b177-aa74ea3981c8","/volleyball/mt/1694?9/10/2026","Maitland","Orlando","https://www.maxpreps.com/mt/orangewood-christian-maitland/boys-volleyball/","https://www.maxpreps.com/mt/the-first-academy-orlando/boys-volleyball/","",""
50,"Calvary Christian Clearwater vs St Petersburg",Boys Volleyball,"Montana",9/10/2026,TBD,"The St Petersburg varsity volleyball team has a game @ Calvary Christian Clearwater (Montana).","/fl/volleyball/match/calvary-christian-clearwater-vs-st-petersburg/9-10-2026/?c=0e3ef5ba-333b-48fd-97c5-4b20b6422435","https://www.maxpreps.com/fl/volleyball/match/calvary-christian-clearwater-vs-st-petersburg/9-10-2026/?c=0e3ef5ba-333b-48fd-97c5-4b20b6422435","/volleyball/mt/11d5?9/10/2026","Clearwater","Petersburg","https://www.maxpreps.com/mt/calvary-christian-clearwater/boys-volleyball/","https://www.maxpreps.com/mt/st-petersburg/boys-volleyball/","",""
51,"Liberty Christian Argyle vs Prestonwood Christian Plano",Boys Volleyball,"Montana",9/10/2026,TBD,"The Prestonwood Christian Plano varsity volleyball team has a game @ Liberty Christian Argyle (Montana).","/tx/volleyball/match/liberty-christian-argyle-vs-prestonwood-christian-plano/9-10-2026/?c=912e3522-b746-436f-87ec-1df30ae5d703","https://www.maxpreps.com/tx/volleyball/match/liberty-christian-argyle-vs-prestonwood-christian-plano/9-10-2026/?c=912e3522-b746-436f-87ec-1df30ae5d703","/volleyball/mt/15de?9/10/2026","Argyle","Plano","https://www.maxpreps.com/mt/liberty-christian-argyle/boys-volleyball/","https://www.maxpreps.com/mt/prestonwood-christian-plano/boys-volleyball/","",""
52,"Carroll Fort Wayne vs Fort Wayne Bishop Dwenger Saints Tuffy",Boys Volleyball,"Montana",9/10/2026,TBD,"The Fort Wayne Bishop Dwenger Saints Tuffy varsity volleyball team has a game @ Carroll Fort Wayne (Montana).","/in/volleyball/match/carroll-fort-wayne-vs-fort-wayne-bishop-dwenger-saints-tuffy/9-10-2026/?c=b1ee8068-6099-4452-9f40-400b27a158d0","https://www.maxpreps.com/in/volleyball/match/carroll-fort-wayne-vs-fort-wayne-bishop-dwenger-saints-tuffy/9-10-2026/?c=b1ee8068-6099-4452-9f40-400b27a158d0","/volleyball/mt/175c?9/10/2026","Wayne","Tuffy","https://www.maxpreps.com/mt/carroll-fort-wayne/boys-volleyball/","https://www.maxpreps.com/mt/fort-wayne-bishop-dwenger-saints-tuffy/boys-volleyball/","",""
53,"Fishers vs Hamilton Southeastern Fishers",Boys Volleyball,"Montana",9/10/2026,TBD,"The Hamilton Southeastern Fishers varsity volleyball team has a game @ Fishers (Montana).","/in/volleyball/match/fishers-vs-hamilton-southeastern-fishers/9-10-2026/?c=d7c831e1-8473-426f-b3a0-ba6b24be1c96","https://www.maxpreps.com/in/volleyball/match/fishers-vs-hamilton-southeastern-fishers/9-10-2026/?c=d7c831e1-8473-426f-b3a0-ba6b24be1c96","/volleyball/mt/1006?9/10/2026","Fishers","Fishers","https://www.maxpreps.com/mt/fishers/boys-volleyball/","https://www.maxpreps.com/mt/hamilton-southeastern-fishers/boys-volleyball/","",""
54,"Cornerstone Christian San Antonio vs Eagle Pass",Boys Volleyball,"Montana",9/10/2026,TBD,"The Eagle Pass varsity volleyball team has a game @ Cornerstone Christian San Antonio (Montana).","/tx/volleyball/match/cornerstone-christian-san-antonio-vs-eagle-pass/9-10-2026/?c=5689f1b6-4a2f-4c80-ab2d-9a092a5a1540","https://www.maxpreps.com/tx/volleyball/match/cornerstone-christian-san-antonio-vs-eagle-pass/9-10-2026/?c=5689f1b6-4a2f-4c80-ab2d-9a092a5a1540","/volleyball/mt/125d?9/10/2026","Antonio","Pass","https://www.maxpreps.com/mt/cornerstone-christian-san-antonio/boys-volleyball/","https://www.maxpreps.com/mt/eagle-pass/boys-volleyball/","",""
55,"Mercy Louisville Ky vs Mother Mcauley Chicago Il",Boys Volleyball,"Montana",9/10/2026,TBD,"The Mother Mcauley Chicago Il varsity volleyball team has a game @ Mercy Louisville Ky (Montana).","/inter-state/volleyball/match/mercy-louisville-ky-vs-mother-mcauley-chicago-il/9-10-2026/?c=94576703-05af-42b3-b45d-a4ce512df83c","https://www.maxpreps.com/inter-state/volleyball/match/mercy-louisville-ky-vs-mother-mcauley-chicago-il/9-10-2026/?c=94576703-05af-42b3-b45d-a4ce512df83c","/volleyball/mt/1292?9/10/2026","Ky","Il","https://www.maxpreps.com/mt/mercy-louisville-ky/boys-volleyball/","https://www.maxpreps.com/mt/mother-mcauley-chicago-il/boys-volleyball/","",""
56,"Dell Rapids vs Harrisburg",Boys Volleyball,"Montana",9/10/2026,TBD,"The Harrisburg varsity volleyball team has a game @ Dell Rapids (Montana).","/sd/volleyball/match/dell-rapids-vs-harrisburg/9-10-2026/?c=6bd4365e-07a9-4ab6-825f-fc923a0fdd0f","https://www.maxpreps.com/sd/volleyball/match/dell-rapids-vs-harrisburg/9-10-2026/?c=6bd4365e-07a9-4ab6-825f-fc923a0fdd0f","/volleyball/mt/9cd?9/10/2026","Rapids","Harrisburg","https://www.maxpreps.com/mt/dell-rapids/boys-volleyball/","https://www.maxpreps.com/mt/harrisburg/boys-volleyball/","",""
57,"Assumption Louisville Ky vs St Thomas Aquinas Fort Lauderdale Fl",Boys Volleyball,"Montana",9/10/2026,TBD,"The St Thomas Aquinas Fort Lauderdale Fl varsity volleyball team has a game @ Assumption Louisville Ky (Montana).","/inter-state/volleyball/match/assumption-louisville-ky-vs-st-thomas-aquinas-fort-lauderdale-fl/9-10-2026/?c=a707a1f5-09d3-45c1-a23a-e1b40df5faaa","https://www.maxpreps.com/inter-state/volleyball/match/assumption-louisville-ky-vs-st-thomas-aquinas-fort-lauderdale-fl/9-10-2026/?c=a707a1f5-09d3-45c1-a23a-e1b40df5faaa","/volleyball/mt/1902?9/10/2026","Ky","Fl","https://www.maxpreps.com/mt/assumption-louisville-ky/boys-volleyball/","https://www.maxpreps.com/mt/st-thomas-aquinas-fort-lauderdale-fl/boys-volleyball/","",""
58,"Cathedral Catholic San Diego vs Mater Dei Santa Ana",Boys Volleyball,"Montana",9/10/2026,TBD,"The Mater Dei Santa Ana varsity volleyball team has a game @ Cathedral Catholic San Diego (Montana).","/ca/volleyball/match/cathedral-catholic-san-diego-vs-mater-dei-santa-ana/9-10-2026/?c=c08a30d4-3539-4b1d-bcc1-8b381ef9cbea","https://www.maxpreps.com/ca/volleyball/match/cathedral-catholic-san-diego-vs-mater-dei-santa-ana/9-10-2026/?c=c08a30d4-3539-4b1d-bcc1-8b381ef9cbea","/volleyball/mt/131c?9/10/2026","Diego","Ana","https://www.maxpreps.com/mt/cathedral-catholic-san-diego/boys-volleyball/","https://www.maxpreps.com/mt/mater-dei-santa-ana/boys-volleyball/","",""
59,"Santa Margarita Rancho Santa Margarita vs Torrey Pines San Diego",Boys Volleyball,"Montana",9/10/2026,TBD,"The Torrey Pines San Diego varsity volleyball team has a game @ Santa Margarita Rancho Santa Margarita (Montana).","/ca/volleyball/match/santa-margarita-rancho-santa-margarita-vs-torrey-pines-san-diego/9-10-2026/?c=798bbacc-2f51-494e-899e-82c36616f6c5","https://www.maxpreps.com/ca/volleyball/match/santa-margarita-rancho-santa-margarita-vs-torrey-pines-san-diego/9-10-2026/?c=798bbacc-2f51-494e-899e-82c36616f6c5","/volleyball/mt/18a5?9/10/2026","Margarita","Diego","https://www.maxpreps.com/mt/santa-margarita-rancho-santa-margarita/boys-volleyball/","https://www.maxpreps.com/mt/torrey-pines-san-diego/boys-volleyball/","",""
60,"Pinnacle Phoenix vs Xavier College Prep Phoenix",Boys Volleyball,"Montana",9/10/2026,TBD,"The Xavier College Prep Phoenix varsity volleyball team has a game @ Pinnacle Phoenix (Montana).","/az/volleyball/match/pinnacle-phoenix-vs-xavier-college-prep-phoenix/9-10-2026/?c=20654a93-54ac-4ffd-ab40-5331541f7880","https://www.maxpreps.com/az/volleyball/match/pinnacle-phoenix-vs-xavier-college-prep-phoenix/9-10-2026/?c=20654a93-54ac-4ffd-ab40-5331541f7880","/volleyball/mt/1258?9/10/2026","Phoenix","Phoenix","https://www.maxpreps.com/mt/pinnacle-phoenix/boys-volleyball/","https://www.maxpreps.com/mt/xavier-college-prep-phoenix/boys-volleyball/","",""
61,"Archbishop Mitty San Jose vs Redwood Larkspur",Boys Volleyball,"Montana",9/10/2026,TBD,"The Redwood Larkspur varsity volleyball team has a game @ Archbishop Mitty San Jose (Montana).","/ca/volleyball/match/archbishop-mitty-san-jose-vs-redwood-larkspur/9-10-2026/?c=d74feb7e-fb55-4a36-bd8d-dd6cb3f3a323","https://www.maxpreps.com/ca/volleyball/match/archbishop-mitty-san-jose-vs-redwood-larkspur/9-10-2026/?c=d74feb7e-fb55-4a36-bd8d-dd6cb3f3a323","/volleyball/mt/11ac?9/10/2026","Jose","Larkspur","https://www.maxpreps.com/mt/archbishop-mitty-san-jose/boys-volleyball/","https://www.maxpreps.com/mt/redwood-larkspur/boys-volleyball/","",""
62,"Norris Firth vs York",Boys Volleyball,"Montana",9/10/2026,TBD,"The York varsity volleyball team has a game @ Norris Firth (Montana).","/ne/volleyball/match/norris-firth-vs-york/9-10-2026/?c=69066d57-0196-4dd6-943d-9768cfc3cd8e","https://www.maxpreps.com/ne/volleyball/match/norris-firth-vs-york/9-10-2026/?c=69066d57-0196-4dd6-943d-9768cfc3cd8e","/volleyball/mt/7ef?9/10/2026","Firth","York","https://www.maxpreps.com/mt/norris-firth/boys-volleyball/","https://www.maxpreps.com/mt/york/boys-volleyball/","",""